ID,label,edad,montoSolicitado,montoOtorgado,genero,quincenal,dependientesEconomicos,nivelEstudio,fico,ingresosMensuales,gastosMensuales,emailScore,browser,NUMTDC_AV
1,0,38,11890,11890,Hombre,0,1,Universidad,561,7000,7000,0,CHROME9,1
2,0,26,3700,3700,Hombre,1,0,Preparatoria,649,8000,3000,0,CHROME9,1
3,0,28,13980,13980,Hombre,0,0,Universidad,575,7500,2000,NULL,NULL,3
4,0,27,12016,6286,Hombre,0,0,Universidad,651,12800,4300,1,UNKNOWN,NULL
5,0,31,20000,12000,Hombre,1,1,Universidad,444,20000,12000,1,MOBILE_SAFARI,NULL
6,0,37,1500,1500,Hombre,0,3,Universidad,622,18000,3000,0,CHROME_MOBILE,1
7,0,29,2679,2679,Hombre,0,0,Universidad,520,10000,5000,0,CHROME8,1
8,0,46,6500,4000,Hombre,0,1,Universidad,408,20000,10000,1,UNKNOWN,1
9,1,25,30000,23000,Hombre,1,3,Universidad,569,15000,4500,NULL,NULL,1
10,0,32,13200,13200,Hombre,0,0,Universidad,526,80000,40000,0,CHROME_MOBILE,NULL
11,0,28,6000,6000,Hombre,0,0,Maestr√≠a,626,16000,9000,0,CHROME_MOBILE,1
12,0,NULL,15000,11000,Hombre,1,2,Universidad,0,28000,18000,1,APPLE_WEB_KIT,NULL
13,0,27,6000,6000,Hombre,1,0,Universidad,675,16000,8000,1,UNKNOWN,1
14,0,32,15490,15490,Mujer,0,0,Universidad,629,20000,10000,0,UNKNOWN,6
15,0,31,32000,32000,Hombre,0,0,Universidad,546,40000,20000,0,CHROME_MOBILE,3
16,0,33,14000,14000,Hombre,0,3,Preparatoria,525,15000,8000,1,CHROME_MOBILE,5
17,0,28,28000,25000,Mujer,0,2,Preparatoria,513,40000,25000,1,CHROME_MOBILE,NULL
18,0,30,7490,7490,Hombre,0,0,Universidad,647,15500,8000,NULL,NULL,3
19,0,25,18990,18990,Hombre,0,0,Universidad,614,12000,4000,1,MOBILE_SAFARI,4
20,0,31,5120,5120,Hombre,0,0,Universidad,616,30000,10000,1,APPLE_WEB_KIT,NULL
21,1,34,5000,5000,Hombre,0,1,Universidad,474,19000,12000,1,APPLE_WEB_KIT,2
22,0,20,2000,2000,Hombre,0,1,Preparatoria,0,4000,1400,1,CHROME_MOBILE,NULL
23,0,39,15000,6400,Mujer,0,2,Preparatoria,534,19000,5000,1,APPLE_WEB_KIT,NULL
24,0,32,5000,5000,Hombre,0,1,Universidad,580,15000,6000,1,CHROME_MOBILE,3
25,0,34,9840,9840,Hombre,1,0,Universidad,624,45000,12000,1,MOBILE_SAFARI,NULL
26,0,24,6000,6000,Mujer,1,1,Universidad,578,6000,2000,0,CHROME9,1
27,1,33,15000,4000,Mujer,0,2,Preparatoria,573,18000,3000,1,CHROME_MOBILE,NULL
28,1,31,15000,3000,Mujer,0,3,Preparatoria,609,1000,10000,8,CHROME9,NULL
29,0,27,17500,13000,Hombre,1,0,Preparatoria,483,28000,10000,NULL,NULL,1
30,0,47,2938,2839,Hombre,0,0,Preparatoria,554,6500,3000,0,MOBILE_SAFARI,NULL
31,0,37,2500,2500,Mujer,0,1,Universidad,632,8000,3000,1,CHROME9,1
32,0,42,4000,2000,Mujer,0,0,Secundaria,457,6000,2600,6,CHROME_MOBILE,NULL
33,1,28,55000,15000,Hombre,0,0,Universidad,425,45000,12000,1,CHROME_MOBILE,1
34,0,33,40000,15000,Hombre,0,0,Universidad,527,90000,30000,NULL,NULL,9
35,0,40,22000,18000,Mujer,0,0,Maestr√≠a,540,15000,10000,1,CHROME_MOBILE,NULL
36,0,55,15000,7173,Hombre,0,4,Preparatoria,618,35000,15000,8,CHROME9,3
37,0,39,10560,10560,Mujer,0,0,Maestr√≠a,523,35000,25000,1,MOBILE_SAFARI,NULL
38,0,49,18000,15000,Hombre,0,2,Universidad,471,50000,40000,1,CHROME9,2
39,1,22,5500,5500,Hombre,0,0,Preparatoria,544,12500,3000,0,CHROME_MOBILE,4
40,0,25,2899,2899,Hombre,0,0,Universidad,666,12000,6500,1,CHROME_MOBILE,NULL
41,0,29,15200,15200,Hombre,0,0,Universidad,0,25000,12500,0,APPLE_WEB_KIT,NULL
42,1,67,2000,2000,Hombre,0,1,Primaria,702,16000,4000,8,CHROME_MOBILE,1
43,0,23,8800,7000,Mujer,0,0,Preparatoria,699,25000,12000,NULL,NULL,NULL
44,1,51,10000,4000,Hombre,0,3,Universidad,600,30000,15000,1,CHROME_MOBILE,NULL
45,0,58,5500,5500,Mujer,0,0,Secundaria,552,8000,4000,1,CHROME_MOBILE,4
46,0,24,10000,10000,Hombre,0,0,Preparatoria,531,40000,3000,1,CHROME9,2
47,0,28,3550,3550,Mujer,0,0,Universidad,636,18500,13000,0,CHROME_MOBILE,NULL
48,0,38,20000,5000,Hombre,0,1,Universidad,611,20000,8000,6,CHROME9,NULL
49,0,34,15000,14700,Hombre,0,0,Universidad,591,25000,15000,0,CHROME_MOBILE,2
50,0,29,15000,10000,Mujer,0,0,Universidad,606,30000,10000,0,CHROME_MOBILE,NULL
51,1,39,10562,6500,Mujer,0,1,Preparatoria,608,20000,13000,1,MOBILE_SAFARI,NULL
52,0,29,19000,13000,Hombre,0,3,Secundaria,668,15000,10000,0,CHROME_MOBILE,NULL
53,0,47,8500,8500,Hombre,0,0,Universidad,725,10000,2000,NULL,NULL,5
54,0,24,8000,6500,Mujer,0,0,Preparatoria,541,8000,3000,NULL,NULL,3
55,0,27,3000,3000,Hombre,0,0,Universidad,647,9800,4000,0,FIREFOX8,1
56,1,21,17890,17890,Mujer,0,0,Universidad,538,23500,21000,0,CHROME_MOBILE,1
57,1,23,17500,15000,Hombre,0,1,Preparatoria,572,7000,2500,1,CHROME_MOBILE,2
58,1,18,1999,1999,Hombre,0,0,Preparatoria,389,25000,5000,1,CHROME_MOBILE,3
59,0,35,30000,8000,Mujer,0,2,Universidad,631,18000,12500,NULL,NULL,2
60,1,28,19990,19990,Mujer,1,0,Maestr√≠a,578,20000,10000,0,MOBILE_SAFARI,NULL
61,0,37,14800,14800,Hombre,0,0,Universidad,562,26000,8000,NULL,NULL,3
62,0,39,16000,12000,Hombre,0,2,Universidad,613,25000,15000,0,CHROME_MOBILE,NULL
63,0,31,35000,33000,Mujer,0,0,Maestr√≠a,522,20000,5000,0,CHROME_MOBILE,1
64,0,34,20000,15000,Hombre,1,1,Universidad,485,25000,10000,6,FIREFOX8,1
65,0,38,15000,3700,Hombre,0,1,Preparatoria,0,12000,6000,NULL,NULL,NULL
66,0,46,11900,9900,Hombre,0,4,Maestr√≠a,520,60000,40000,NULL,NULL,3
67,0,44,7490,7490,Mujer,0,0,Universidad,510,20000,8000,NULL,NULL,1
68,0,23,4599,4599,Hombre,1,0,Universidad,595,3000,800,0,CHROME9,7
69,0,53,25000,14119,Hombre,0,1,Universidad,462,30000,15000,1,CHROME_MOBILE,12
70,0,35,18000,15500,Hombre,1,2,Preparatoria,604,14000,9000,1,MOZILLA,NULL
71,0,28,15000,14000,Hombre,0,2,Universidad,495,30000,10000,0,FIREFOX_MOBILE,NULL
72,1,44,15450,15450,Hombre,0,2,Preparatoria,468,25000,18500,NULL,NULL,NULL
73,0,32,3500,3500,Hombre,0,2,Universidad,398,4400,2000,1,CHROME8,NULL
74,0,42,19700,15200,Hombre,0,1,Universidad,407,25000,18000,1,CHROME_MOBILE,NULL
75,1,34,50000,8000,Hombre,0,4,Secundaria,445,18000,5000,8,CHROME_MOBILE,1
76,0,30,7115,5000,Hombre,0,0,Preparatoria,520,17800,5000,1,CHROME_MOBILE,NULL
77,0,44,100000,50000,Hombre,1,0,Maestr√≠a,424,150000,70000,1,CHROME9,3
78,0,29,6500,6500,Mujer,1,1,Universidad,650,50000,38000,1,CHROME9,NULL
79,1,27,17500,13100,Hombre,0,0,Universidad,572,25000,10000,NULL,NULL,NULL
80,0,37,4900,4900,Hombre,0,2,Universidad,667,15000,9000,0,MOBILE_SAFARI,NULL
81,0,23,6000,6000,Hombre,1,0,Universidad,575,15000,5000,1,CHROME_MOBILE,1
82,0,32,17999,17999,Mujer,0,1,Universidad,635,20000,10000,6,CHROME_MOBILE,1
83,0,36,2469.05,2469.05,Mujer,0,1,Maestr√≠a,488,25000,15000,1,CHROME9,NULL
84,1,33,20000,6000,Hombre,0,3,Secundaria,615,12000,3000,1,MOBILE_SAFARI,NULL
85,0,21,7000,6500,Hombre,1,0,Universidad,628,5000,1700,NULL,NULL,2
86,1,47,15000,11000,Mujer,0,3,Universidad,556,40000,15000,NULL,NULL,NULL
87,0,28,1299,1299,Mujer,1,0,Universidad,549,15000,7000,0,MOBILE_SAFARI,2
88,0,28,16000,16000,Hombre,1,0,Universidad,567,17000,13000,1,CHROME9,NULL
89,0,43,15000,3700,Hombre,0,5,Universidad,589,30000,22000,0,CHROME9,1
90,0,35,7500,7500,Hombre,0,0,Universidad,640,14000,6000,NULL,NULL,1
91,0,51,8000,5000,Hombre,0,2,Primaria,515,10000,7000,0,CHROME_MOBILE,NULL
92,0,29,20000,15000,Hombre,0,0,Maestr√≠a,626,15500,6000,6,CHROME8,1
93,0,NULL,17000,19000,Hombre,0,0,Universidad,475,15000,8000,NULL,NULL,1
94,0,50,1000,1000,Hombre,0,3,Preparatoria,500,12000,4000,8,CHROME9,1
95,0,42,1000,1000,Hombre,0,3,Universidad,674,24000,10000,8,CHROME_MOBILE,NULL
96,0,29,7490,6800,Hombre,0,0,Universidad,550,19,10,1,CHROME_MOBILE,1
97,1,38,12000,9000,Hombre,0,2,Universidad,414,30000,26000,0,UNKNOWN,NULL
98,0,26,18000,12000,Hombre,1,0,Universidad,695,12000,5000,NULL,NULL,NULL
99,0,36,4000,4000,Mujer,0,1,Preparatoria,458,9000,4000,1,CHROME9,NULL
100,0,46,50000,15000,Hombre,0,2,Universidad,520,100000,20000,1,CHROME_MOBILE,2
101,1,51,10000,10000,Mujer,1,0,Secundaria,526,10000,2500,NULL,NULL,NULL
102,0,58,13000,13000,Hombre,0,1,Secundaria,473,20000,8000,8,CHROME9,NULL
103,0,24,24500,29000,Hombre,0,0,Universidad,571,15000,7000,0,CHROME9,1
104,0,26,14500,9000,Mujer,1,0,Maestr√≠a,0,30000,6000,NULL,NULL,NULL
105,0,26,20000,6000,Hombre,0,0,Preparatoria,0,20000,14000,0,CHROME_MOBILE,NULL
106,0,20,10000,4000,Hombre,1,0,Preparatoria,0,9000,5500,1,CHROME8,NULL
107,0,37,7150,10980,Hombre,0,1,Universidad,622,30000,10000,0,CHROME_MOBILE,1
108,0,30,40000,40000,Hombre,0,1,Universidad,544,24000,16000,NULL,NULL,1
109,0,46,65000,50000,Hombre,0,2,Universidad,408,90000,65000,0,CHROME8,3
110,1,31,5000,5000,Mujer,1,1,Maestr√≠a,394,16500,7800,1,MOBILE_SAFARI,4
111,0,30,20200,20200,Hombre,0,1,Universidad,465,38000,16000,0,MOBILE_SAFARI,2
112,0,48,2000,2000,Mujer,0,2,Secundaria,614,13000,4000,8,CHROME_MOBILE,NULL
113,0,49,4000,4000,Hombre,0,1,Preparatoria,459,13000,2000,1,CHROME9,NULL
114,1,22,7940,7940,Hombre,0,2,Secundaria,579,12000,5000,1,CHROME_MOBILE,1
115,1,32,20339,17999,Mujer,0,1,Universidad,545,10000,8000,1,CHROME_MOBILE,1
116,0,36,4000,5000,Hombre,0,1,Universidad,585,80000,5000,1,CHROME_MOBILE,1
117,0,47,5000,4579.35,Hombre,1,2,Universidad,560,12000,6000,0,CHROME9,NULL
118,0,38,12000,12000,Hombre,0,2,Universidad,612,18000,8000,0,CHROME_MOBILE,NULL
119,0,36,20000,12000,Mujer,0,2,Secundaria,657,4800,2000,8,CHROME_MOBILE,NULL
120,0,48,15000,9975,Mujer,0,0,Primaria,684,10000,5000,1,CHROME9,1
121,0,39,8000,5808,Hombre,0,3,Preparatoria,545,12000,6000,1,UNKNOWN,NULL
122,0,29,20000,8000,Hombre,0,1,Preparatoria,537,18000,7500,1,UNKNOWN,1
123,1,23,32000,32000,Hombre,0,0,Universidad,485,75000,65000,1,CHROME_MOBILE,4
124,0,32,17000,8000,Hombre,0,2,Universidad,652,18000,9500,1,NULL,NULL
125,0,36,14000,14000,Hombre,1,2,Universidad,614,18000,12000,1,CHROME9,3
126,1,48,30000,22000,Hombre,1,2,Universidad,424,65780,25000,8,CHROME,4
127,0,68,4938.1,4938.1,Hombre,0,1,Universidad,477,25000,12000,1,CHROME_MOBILE,8
128,1,29,40000,8000,Mujer,0,0,Universidad,602,30000,1000,8,CHROME9,NULL
129,0,40,64000,32000,Hombre,0,2,Universidad,606,60000,40000,0,UNKNOWN,4
130,0,44,11000,8000,Hombre,0,1,Maestr√≠a,432,25000,18000,1,CHROME8,1
131,1,25,1500,1299,Hombre,0,1,Preparatoria,522,9500,3500,10,MOZILLA,4
132,0,32,3929.2,3200,Hombre,0,1,Universidad,412,12500,4000,1,CHROME_MOBILE,3
133,1,25,20000,8000,Hombre,1,1,Universidad,460,14000,2000,0,CHROME9,NULL
134,0,61,19000,6288.18,Hombre,0,3,Universidad,675,60000,10000,8,CHROME_MOBILE,NULL
135,0,28,9800,9600,Hombre,0,0,Preparatoria,598,12000,8000,1,CHROME_MOBILE,3
136,1,42,15000,8000,Mujer,0,0,Universidad,449,20000,6000,0,CHROME_MOBILE,2
137,1,25,3000,3000,Hombre,0,0,Universidad,602,12000,4000,6,CHROME9,NULL
138,1,30,7000,7000,Hombre,0,1,Preparatoria,539,25000,15000,0,CHROME_MOBILE,NULL
139,1,25,20000,5000,Mujer,0,2,Universidad,512,32000,12000,1,CHROME_MOBILE,NULL
140,0,27,35000,32000,Hombre,0,0,Universidad,566,13000,4000,0,CHROME_MOBILE,4
141,1,26,2131.32,2131.32,Mujer,0,1,Preparatoria,459,12000,5000,0,CHROME_MOBILE,NULL
142,0,45,65000,60000,Hombre,0,1,Preparatoria,560,60000,16000,1,CHROME_MOBILE,1
143,0,22,3500,3500,Hombre,0,0,Preparatoria,0,10000,2500,NULL,NULL,NULL
144,0,35,5600,5520,Hombre,0,1,Preparatoria,619,12000,8000,1,CHROME_MOBILE,1
145,0,25,5000,2000,Mujer,0,1,Universidad,580,20000,13000,1,MOBILE_SAFARI,1
146,1,23,10000,9983,Mujer,0,1,Preparatoria,432,6000,3000,1,CHROME_MOBILE,2
147,0,32,18000,2000,Hombre,0,3,Universidad,634,16000,3000,1,CHROME_MOBILE,NULL
148,0,56,38598.15,38599,Mujer,0,2,Maestr√≠a,621,200000,150000,0,CHROME_MOBILE,6
149,0,39,15000,15000,Hombre,0,1,Universidad,547,50000,18,1,MOBILE_SAFARI,4
150,1,27,8000,8000,Mujer,0,0,Preparatoria,499,30000,10000,0,CHROME_MOBILE,NULL
151,0,39,3780,3780,Hombre,0,0,Preparatoria,418,30000,20000,0,CHROME_MOBILE,NULL
152,0,29,15000,15000,Hombre,0,0,Preparatoria,495,16000,5000,1,CHROME_MOBILE,2
153,1,29,30000,20000,Hombre,0,2,Preparatoria,464,12000,6500,0,CHROME_MOBILE,3
154,1,35,85000,100000,Hombre,0,0,Universidad,591,80000,30000,0,CHROME_MOBILE,3
155,0,36,19100,19100,Hombre,0,0,Maestr√≠a,641,15000,3000,0,MOBILE_SAFARI,1
156,0,36,13200,9265,Hombre,1,3,Preparatoria,453,12000,6000,NULL,NULL,2
157,0,24,17800,17800,Mujer,0,0,Universidad,494,45000,16000,0,CHROME_MOBILE,2
158,0,52,60000,65000,Hombre,0,1,Universidad,639,40000,25000,0,MOBILE_SAFARI,5
159,0,42,13235,12155,Hombre,0,2,Universidad,628,20000,10000,0,CHROME,4
160,0,28,2425,2425,Mujer,0,0,Universidad,429,17000,11500,0,APPLE_WEB_KIT,NULL
161,1,37,8093,8093,Hombre,0,0,Universidad,616,25000,10000,0,CHROME_MOBILE,NULL
162,0,28,40000,5300,Hombre,1,0,Universidad,603,25000,12000,1,CHROME9,NULL
163,0,30,35000,25000,Mujer,0,0,Universidad,540,40000,15000,1,MOBILE_SAFARI,NULL
164,1,37,31499,31499,Mujer,0,1,Universidad,418,33000,25000,1,CHROME9,NULL
165,0,40,27500,16000,Hombre,0,2,Universidad,470,65000,45000,8,CHROME_MOBILE,3
166,0,29,18300,18300,Mujer,0,2,Preparatoria,417,14000,8000,NULL,NULL,1
167,1,32,10000,8000,Mujer,0,1,Secundaria,606,10000,10000,1,CHROME_MOBILE,NULL
168,0,27,3990,3990,Hombre,0,0,Universidad,654,13000,5000,1,CHROME9,1
169,0,33,5000,5000,Hombre,0,2,Preparatoria,538,10000,3000,1,CHROME9,NULL
170,0,47,2000,2000,Hombre,0,1,Preparatoria,0,12000,5000,1,CHROME_MOBILE,NULL
171,0,40,12000,6000,Hombre,0,4,Secundaria,678,16000,5000,8,CHROME9,NULL
172,0,30,25000,22000,Hombre,0,1,Universidad,620,28000,20000,0,CHROME_MOBILE,NULL
173,0,68,15000,13000,Hombre,0,1,Secundaria,417,45000,10000,1,CHROME_MOBILE,NULL
174,0,37,2479,2479,Hombre,1,1,Universidad,620,8000,4000,1,CHROME_MOBILE,NULL
175,1,28,12000,7000,Hombre,1,1,Preparatoria,510,12000,7000,0,CHROME9,1
176,0,28,17650,17650,Hombre,0,0,Universidad,582,30000,15000,0,CHROME_MOBILE,NULL
177,1,33,20000,14500,Hombre,0,0,Universidad,436,25000,18000,0,UNKNOWN,1
178,0,34,39000,32000,Hombre,1,1,Universidad,591,32000,19000,NULL,NULL,NULL
179,1,51,13900,10900,Mujer,0,0,Secundaria,537,8000,5000,8,CHROME8,1
180,0,28,8000,8000,Mujer,0,0,Universidad,590,21000,14000,0,CHROME_MOBILE,1
181,0,28,12000,12000,Mujer,0,2,Universidad,637,6000,4000,10,APPLE_WEB_KIT,NULL
182,1,26,2469.05,2469.05,Hombre,0,0,Preparatoria,526,6500,3500,1,CHROME_MOBILE,NULL
183,0,50,24000,14900,Hombre,0,2,Universidad,619,85000,60000,0,SAFARI,2
184,1,25,9000,3500,Hombre,0,0,Universidad,0,5000,2000,NULL,NULL,NULL
185,0,24,2300,2300,Hombre,0,0,Universidad,544,10000,5000,1,CHROME_MOBILE,1
186,0,44,5849,5849,Hombre,1,1,Maestr√≠a,621,49500,28000,0,UNKNOWN,NULL
187,0,53,7000,4000,Hombre,0,3,Secundaria,449,8000,2000,1,UNKNOWN,NULL
188,0,37,15000,4000,Hombre,0,1,Universidad,572,11000,5500,0,CHROME_MOBILE,NULL
189,0,24,5140,5140,Hombre,0,0,Preparatoria,543,16000,8000,0,CHROME_MOBILE,2
190,0,57,6000,6000,Mujer,0,1,Preparatoria,673,12000,4000,80,MOBILE_SAFARI,NULL
191,0,30,113490,30000,Hombre,1,1,Universidad,568,40000,20000,0,CHROME9,1
192,0,51,5000,5000,Mujer,0,1,Universidad,486,25000,25000,1,CHROME_MOBILE,3
193,0,25,4500,4500,Hombre,0,0,Universidad,517,22000,15000,0,CHROME9,5
194,0,56,70000,70000,Hombre,0,3,Universidad,671,125000,90000,1,CHROME9,1
195,0,24,3342,3342,Hombre,0,0,Universidad,528,20000,10000,0,CHROME_MOBILE,3
196,0,58,20000,5000,Hombre,0,0,Preparatoria,519,15000,5000,8,CHROME9,NULL
197,0,40,35000,25000,Mujer,0,0,Universidad,601,14000,9200,0,CHROME_MOBILE,1
198,0,33,5999,5999,Hombre,0,1,Universidad,501,60000,22000,0,CHROME_MOBILE,2
199,1,43,100000,100000,Hombre,0,2,Universidad,418,80000,65000,0,CHROME_MOBILE,4
200,0,NULL,14600,14600,Mujer,0,0,Universidad,580,15000,3000,0,MOBILE_SAFARI,NULL
201,1,23,12000,7000,Hombre,0,0,Universidad,458,19800,8000,1,CHROME_MOBILE,1
202,0,23,3050,3050,Hombre,0,1,Universidad,618,12000,5000,0,CHROME9,NULL
203,0,56,19700,19700,Mujer,0,1,Universidad,0,61974,27997,0,CHROME_MOBILE,NULL
204,0,30,17200,17200,Hombre,0,1,Universidad,0,12000,10000,1,CHROME8,NULL
205,1,23,20000,9000,Hombre,1,4,Maestr√≠a,560,12000,7000,NULL,NULL,1
206,1,38,3679.2,3679.21,Hombre,0,3,Preparatoria,657,7500,6000,1,CHROME_MOBILE,NULL
207,1,27,4000,4000,Hombre,0,1,Preparatoria,576,8000,5000,1,CHROME_MOBILE,NULL
208,0,26,5400,5400,Mujer,0,1,Universidad,660,8000,3000,1,MOBILE_SAFARI,3
209,0,29,10300,10300,Hombre,0,0,Preparatoria,637,20000,15000,1,CHROME9,NULL
210,0,35,30000,30000,Hombre,0,4,Preparatoria,516,40000,20000,1,CHROME_MOBILE,NULL
211,0,29,2939,2939,Hombre,0,0,Preparatoria,596,9000,4500,0,CHROME_MOBILE,NULL
212,0,31,7000,7000,Hombre,0,2,Secundaria,607,16800,8500,8,CHROME9,NULL
213,0,24,2450,2450,Mujer,1,0,Universidad,539,18000,7000,0,CHROME9,1
214,1,27,14084,14084,Mujer,0,0,Maestr√≠a,530,11000,2000,8,CHROME_MOBILE,4
215,0,22,6000,6000,Hombre,0,0,Universidad,573,10000,8000,1,CHROME_MOBILE,NULL
216,0,34,10404,10404,Mujer,0,0,Universidad,589,15000,1000,1,CHROME9,1
217,0,36,4676.56,4676.56,Hombre,0,0,Maestr√≠a,613,41000,30000,0,CHROME_MOBILE,2
218,1,20,6000,5000,Hombre,0,0,Secundaria,653,4000,1350,0,CHROME_MOBILE,NULL
219,1,43,1000,1000,Hombre,0,3,Secundaria,599,18000,9000,1,CHROME_MOBILE,1
220,0,29,35000,3500,Hombre,0,0,Secundaria,531,15000,4000,NULL,NULL,NULL
221,0,27,1234.05,1234.05,Hombre,1,0,Universidad,654,15000,8000,0,CHROME_MOBILE,NULL
222,0,22,13000,9500,Hombre,0,0,Preparatoria,428,30000,7000,1,CHROME_MOBILE,1
223,1,28,30000,30000,Hombre,0,0,Universidad,590,30000,14000,0,APPLE_WEB_KIT,2
224,0,51,11331.6,7000,Hombre,0,1,Preparatoria,468,30000,20000,1,CHROME_MOBILE,NULL
225,1,28,17900,7000,Mujer,1,0,Secundaria,532,2000,400,1,CHROME_MOBILE,NULL
226,0,33,10000,12000,Hombre,0,3,Universidad,539,11000,6000,1,CHROME_MOBILE,NULL
227,0,32,19000,3000,Mujer,0,3,Secundaria,537,7500,3000,1,CHROME9,NULL
228,0,33,5500,5500,Hombre,0,0,Maestr√≠a,651,16000,8000,8,CHROME9,3
229,0,43,4000,4000,Mujer,0,4,Preparatoria,569,10400,3000,1,CHROME_MOBILE,NULL
230,0,38,60000,70000,Hombre,0,2,Preparatoria,583,150000,80000,1,APPLE_WEB_KIT,1
231,0,25,6000,6000,Hombre,1,0,Preparatoria,606,6400,2000,1,CHROME_MOBILE,1
232,0,28,10000,10000,Hombre,0,0,Universidad,587,18000,10000,0,UNKNOWN,2
233,0,31,7940,6500,Hombre,0,0,Universidad,555,15000,8000,1,CHROME_MOBILE,1
234,0,52,7822.4,7823,Hombre,0,2,Universidad,679,20000,15000,0,CHROME_MOBILE,1
235,0,32,9072,9072,Hombre,0,1,Universidad,459,350000,300000,2,CHROME9,4
236,0,28,19000,19000,Hombre,0,0,Universidad,638,150000,50000,NULL,NULL,3
237,0,31,4055,5000,Hombre,0,2,Universidad,591,14000,5000,0,CHROME_MOBILE,3
238,0,22,12000,4000,Mujer,0,0,Preparatoria,516,25000,4000,8,CHROME9,1
239,0,66,1500,1500,Hombre,0,1,Preparatoria,536,15000,6000,1,CHROME9,NULL
240,0,33,15000,20000,Hombre,0,1,Universidad,509,24000,8000,NULL,NULL,1
241,1,29,45000,12000,Hombre,0,0,Universidad,569,12000,4000,1,CHROME_MOBILE,NULL
242,1,24,3500,2660,Hombre,0,0,Universidad,459,20000,12000,NULL,NULL,1
243,0,28,30000,22000,Hombre,0,0,Universidad,637,15000,3000,0,APPLE_WEB_KIT,2
244,0,34,19600,19600,Hombre,0,0,Universidad,556,18000,9000,1,CHROME_MOBILE,3
245,0,45,18000,4000,Hombre,0,5,Secundaria,487,20000,6000,1,CHROME_MOBILE,NULL
246,0,38,3500,3500,Hombre,0,1,Universidad,652,12000,6000,NULL,NULL,NULL
247,0,34,50000,50000,Hombre,0,1,Universidad,517,80000,50000,1,CHROME_MOBILE,9
248,0,27,7000,6000,Hombre,0,1,Universidad,621,6000,3000,1,CHROME_MOBILE,NULL
249,1,27,65000,40000,Mujer,0,0,Universidad,463,19000,4000,1,CHROME_MOBILE,3
250,0,30,5000,2479,Hombre,0,0,Universidad,476,12000,9000,1,MOBILE_SAFARI,NULL
251,0,32,20000,13299,Hombre,0,1,Maestr√≠a,485,25000,15000,0,CHROME_MOBILE,4
252,0,31,12000,14000,Mujer,0,1,Universidad,591,16000,10000,0,CHROME_MOBILE,1
253,0,NULL,20000,20000,Hombre,0,0,Universidad,587,13000,7000,0,CHROME_MOBILE,NULL
254,0,41,6000,6000,Hombre,0,0,Preparatoria,475,8000,4500,1,CHROME9,NULL
255,0,34,6000,6000,Hombre,1,3,Preparatoria,472,8000,5000,1,CHROME_MOBILE,1
256,0,39,4000,9000,Mujer,1,1,Universidad,500,50000,40000,6,NULL,1
257,1,39,15000,15000,Hombre,1,3,Universidad,416,14000,12000,1,CHROME9,1
258,0,67,40000,40000,Mujer,0,1,Maestr√≠a,535,25000,10000,1,CHROME_MOBILE,1
259,0,24,18700,18700,Mujer,0,0,Universidad,621,12000,6000,0,UNKNOWN,NULL
260,0,25,14000,14000,Hombre,0,0,Universidad,539,8000,5000,1,CHROME8,NULL
261,0,30,40000,32000,Hombre,0,0,Universidad,434,30000,7000,1,CHROME_MOBILE,3
262,0,29,15000,12404,Hombre,0,0,Universidad,519,15000,5000,0,CHROME_MOBILE,2
263,0,29,7180,7180,Hombre,0,0,Universidad,531,45000,30000,1,CHROME_MOBILE,2
264,1,30,18000,18000,Hombre,0,0,Universidad,537,15000,10000,1,CHROME_MOBILE,NULL
265,0,23,15700,6000,Hombre,0,0,Universidad,688,12000,6000,0,CHROME_MOBILE,NULL
266,0,43,2000,2000,Mujer,0,3,Preparatoria,603,15000,6000,1,MOBILE_SAFARI,1
267,1,27,12000,6000,Hombre,0,2,Preparatoria,0,10000,6000,0,CHROME_MOBILE,NULL
268,0,31,20000,15000,Hombre,0,1,Preparatoria,522,20000,14000,NULL,NULL,NULL
269,0,42,15500,13000,Hombre,0,2,Universidad,453,20000,15000,NULL,NULL,1
270,0,25,1500,1500,Hombre,0,1,Preparatoria,611,9000,2500,8,CHROME_MOBILE,NULL
271,1,49,10000,3000,Hombre,0,1,Secundaria,631,1000,10000,8,CHROME_MOBILE,NULL
272,0,58,6000,5000,Hombre,0,2,Secundaria,462,6000,3200,8,CHROME_MOBILE,1
273,0,33,35000,35000,Hombre,1,1,Universidad,614,20000,5000,6,CHROME9,2
274,0,27,20000,5000,Hombre,0,0,Universidad,500,13000,8000,0,CHROME_MOBILE,1
275,0,25,34900,29000,Hombre,0,0,Universidad,664,14000,6000,1,CHROME8,2
276,1,23,4000,4000,Mujer,0,2,Secundaria,647,10000,4500,1,CHROME9,NULL
277,0,31,20000,25000,Hombre,0,1,Preparatoria,511,20000,10000,1,CHROME_MOBILE,NULL
278,1,29,34500,25000,Hombre,0,0,Universidad,514,23000,8000,1,CHROME8,NULL
279,0,33,40000,22000,Hombre,0,0,Maestr√≠a,494,125000,60000,NULL,NULL,2
280,0,30,8000,8000,Hombre,0,0,Universidad,676,9000,4000,0,UNKNOWN,NULL
281,0,35,14300,14300,Hombre,0,0,Universidad,440,19000,11000,8,CHROME_MOBILE,NULL
282,0,31,38000,25000,Hombre,1,3,Preparatoria,519,22000,15000,NULL,NULL,NULL
283,0,31,3000,3000,Hombre,0,1,Universidad,631,10000,5000,0,CHROME_MOBILE,NULL
284,0,34,8000,7490,Hombre,1,1,Universidad,612,32000,27,NULL,NULL,NULL
285,0,40,17890,17890,Hombre,0,1,Universidad,644,75000,40000,1,CHROME_MOBILE,5
286,0,34,14550,14500,Hombre,0,1,Universidad,644,31500,2000,NULL,NULL,3
287,0,42,25000,25000,Hombre,0,1,Universidad,561,60000,23000,1,CHROME_MOBILE,4
288,0,34,30000,20000,Hombre,0,1,Preparatoria,491,18000,6000,6,CHROME9,NULL
289,0,28,14600,14600,Mujer,0,0,Universidad,646,19000,15000,0,APPLE_WEB_KIT,1
290,0,32,30000,20000,Mujer,0,0,Preparatoria,554,26000,9000,NULL,NULL,NULL
291,1,29,12000,9000,Hombre,0,1,Universidad,382,15000,8000,0,CHROME9,NULL
292,1,51,65000,20000,Hombre,0,2,Preparatoria,408,70000,55000,1,CHROME8,NULL
293,0,24,11850,11850,Hombre,0,0,Universidad,0,40000,20000,NULL,NULL,NULL
294,0,36,3000,3000,Hombre,0,2,Universidad,449,18000,14000,1,CHROME_MOBILE,2
295,0,39,14000,7000,Hombre,0,1,Preparatoria,418,12000,7000,NULL,NULL,NULL
296,0,32,15000,15000,Hombre,0,0,Preparatoria,531,18000,6000,0,CHROME9,NULL
297,1,26,5000,5000,Mujer,0,1,Preparatoria,652,15000,7500,8,MOZILLA,NULL
298,1,35,3500,3500,Hombre,0,3,Preparatoria,664,12800,7000,1,MOBILE_SAFARI,NULL
299,0,29,50000,26000,Hombre,0,0,Universidad,583,9600,3000,1,CHROME8,2
300,1,31,17800,17800,Hombre,0,0,Preparatoria,593,9000,5000,4,CHROME_MOBILE,NULL
301,0,35,5304,5304,Hombre,1,0,Universidad,369,11530.08,10000,0,CHROME_MOBILE,2
302,0,45,5199.35,5199.35,Mujer,0,0,Preparatoria,581,20000,6000,1,CHROME9,NULL
303,0,25,19999,7000,Hombre,0,2,Preparatoria,600,13000,3500,1,CHROME_MOBILE,NULL
304,0,32,4599,3599,Mujer,1,0,Preparatoria,590,10000,4000,1,CHROME_MOBILE,1
305,0,43,17900,17900,Hombre,0,3,Universidad,689,42000,26000,0,CHROME_MOBILE,NULL
306,0,24,2500,2500,Hombre,0,0,Preparatoria,552,6000,2000,0,CHROME_MOBILE,2
307,0,32,13200,13200,Hombre,0,2,Universidad,555,20000,8000,1,CHROME_MOBILE,NULL
308,0,31,3688,3688,Hombre,0,0,Universidad,513,13000,4000,1,CHROME_MOBILE,NULL
309,0,49,19500,4407.3,Mujer,0,0,Preparatoria,546,25000,3500,1,MOZILLA,NULL
310,1,48,2599,2599,Hombre,0,1,Preparatoria,556,20000,15000,0,CHROME_MOBILE,NULL
311,0,22,7184,7184,Mujer,0,0,Universidad,0,25000,10000,0,CHROME_MOBILE,NULL
312,0,26,1500,1500,Mujer,0,2,Preparatoria,540,10000,6000,1,CHROME9,NULL
313,1,25,80000,18000,Mujer,1,1,Preparatoria,571,150000,80000,0,CHROME9,1
314,1,24,16800,7000,Hombre,0,0,Secundaria,0,9000,4000,NULL,NULL,NULL
315,0,49,1000,1000,Mujer,0,0,Preparatoria,564,18000,2500,0,CHROME9,1
316,0,27,5516,5516,Hombre,0,0,Preparatoria,494,15000,8000,8,CHROME9,NULL
317,0,26,55000,45000,Hombre,0,0,Maestr√≠a,541,25000,12000,0,CHROME8,2
318,1,25,5500,5500,Mujer,0,1,Universidad,617,8000,10000,1,MOBILE_SAFARI,2
319,0,49,40000,19900,Mujer,0,2,Secundaria,593,55000,35000,0,CHROME_MOBILE,2
320,0,61,16000,16000,Hombre,0,3,Doctorado,657,100000,60000,NULL,NULL,2
321,1,47,6800,6800,Hombre,1,2,Secundaria,527,15000,10000,NULL,NULL,NULL
322,1,33,5000,2000,Hombre,0,3,Preparatoria,601,12000,3000,1,CHROME_MOBILE,NULL
323,0,28,20000,20000,Hombre,0,0,Universidad,637,15000,8000,0,CHROME9,1
324,1,33,5000,3000,Hombre,0,3,Preparatoria,614,8500,4500,1,CHROME_MOBILE,NULL
325,0,29,6320,6320,Hombre,1,0,Universidad,609,13000,8000,0,CHROME9,3
326,0,33,6000,6000,Mujer,0,0,Secundaria,580,18600,6000,0,CHROME_MOBILE,1
327,0,33,2343,2343,Hombre,0,3,Secundaria,641,12000,8000,0,CHROME_MOBILE,NULL
328,1,52,20339,17999,Hombre,1,0,Universidad,553,32000,15000,1,CHROME_MOBILE,2
329,0,30,14000,4500,Mujer,0,0,Universidad,595,15000,5000,1,CHROME9,NULL
330,1,39,15000,15000,Hombre,0,2,Universidad,528,40000,20000,1,MOBILE_SAFARI,NULL
331,0,25,7940,6000,Hombre,1,0,Universidad,0,6000,3000,0,CHROME_MOBILE,NULL
332,0,26,8900,8900,Hombre,0,1,Universidad,480,12000,4000,0,CHROME_MOBILE,4
333,1,24,3299.66,3300,Hombre,0,0,Universidad,627,10000,8000,8,CHROME_MOBILE,1
334,0,31,4000,4000,Mujer,1,1,Secundaria,450,10000,5000,1,MOBILE_SAFARI,NULL
335,0,55,25000,6300,Hombre,0,0,Secundaria,558,25000,10000,1,CHROME9,2
336,1,29,45000,15000,Hombre,0,0,Universidad,549,10000,4000,0,CHROME_MOBILE,3
337,0,44,3100,3100,Mujer,0,0,Secundaria,514,8000,4500,0,CHROME_MOBILE,NULL
338,0,27,16500,15500,Hombre,1,0,Universidad,0,32500,7000,NULL,NULL,NULL
339,0,38,25000,25000,Mujer,0,2,Preparatoria,477,10000,4000,0,CHROME_MOBILE,2
340,0,27,32500,26000,Hombre,0,1,Universidad,0,30000,15000,0,UNKNOWN,NULL
341,0,55,15200,12000,Mujer,1,1,Preparatoria,463,22000,11000,1,SAFARI,NULL
342,0,34,4999,5000,Hombre,0,1,Universidad,426,25000,8500,0,APPLE_WEB_KIT,1
343,1,24,11350,10000,Hombre,0,0,Preparatoria,668,9400,1000,NULL,NULL,NULL
344,0,36,5000,5000,Hombre,0,0,Universidad,544,15000,10000,1,CHROME9,NULL
345,0,31,15200,12000,Mujer,0,0,Universidad,383,15000,10000,1,CHROME8,1
346,0,31,3000,3000,Hombre,0,0,Universidad,551,9000,5000,1,MOBILE_SAFARI,NULL
347,0,41,15990,15990,Hombre,0,1,Maestr√≠a,0,35000,20000,6,CHROME8,NULL
348,0,46,6000,3000,Mujer,0,3,Secundaria,606,8500,4000,8,CHROME_MOBILE,NULL
349,0,22,25000,20000,Hombre,0,0,Preparatoria,398,15000,7000,1,MOBILE_SAFARI,3
350,0,24,7940,6500,Mujer,0,0,Universidad,650,2000,500,1,CHROME_MOBILE,1
351,0,38,1200,1200,Hombre,0,0,Universidad,599,10000,6000,0,CHROME_MOBILE,NULL
352,0,32,12000,5000,Hombre,0,1,Universidad,663,9600,2500,NULL,NULL,NULL
353,0,53,9000,9000,Mujer,0,0,Preparatoria,615,9000,5000,1,CHROME_MOBILE,1
354,0,25,7000,7000,Mujer,0,0,Universidad,625,8000,4000,0,CHROME_MOBILE,1
355,0,32,7000,5000,Mujer,0,2,Preparatoria,628,6000,3500,NULL,NULL,NULL
356,0,59,2000,2000,Hombre,0,1,Preparatoria,509,16500,8000,1,CHROME9,NULL
357,0,26,11000,11000,Hombre,0,0,Universidad,470,7600,2000,NULL,NULL,1
358,0,27,10000,10000,Hombre,0,0,Universidad,519,10000,3200,8,CHROME_MOBILE,NULL
359,0,63,6000,6000,Mujer,0,1,Universidad,649,13000,5000,0,MOBILE_SAFARI,3
360,0,27,14000,12000,Hombre,1,0,Universidad,580,22000,6500,NULL,NULL,1
361,1,21,14000,12000,Hombre,1,0,Universidad,419,25000,15000,1,UNKNOWN,2
362,0,27,29700,29700,Mujer,0,1,Universidad,617,19000,15000,1,CHROME8,2
363,0,31,22500,22500,Hombre,0,0,Maestr√≠a,527,12000,8500,0,MOBILE_SAFARI,4
364,0,20,5000,5000,Hombre,0,2,Secundaria,569,2500,800,NULL,NULL,NULL
365,0,28,14700,14700,Hombre,1,0,Universidad,578,28000,18000,8,CHROME9,1
366,0,26,4375,4375,Hombre,0,1,Universidad,537,7000,4000,1,CHROME_MOBILE,NULL
367,0,27,12000,12000,Mujer,0,0,Universidad,637,15000,10500,1,CHROME_MOBILE,1
368,0,60,1000,1000,Hombre,0,1,Secundaria,728,10000,4000,1,CHROME_MOBILE,2
369,0,45,15000,15000,Hombre,0,2,Maestr√≠a,585,65000,35000,0,CHROME_MOBILE,2
370,0,28,2000,2000,Hombre,0,1,Preparatoria,490,8800,5000,1,MOBILE_SAFARI,NULL
371,1,33,20000,12000,Hombre,0,0,Universidad,635,30000,17000,1,CHROME9,NULL
372,0,52,4500,3900,Hombre,1,2,Universidad,489,9000,6500,0,APPLE_WEB_KIT,NULL
373,1,31,22000,10000,Hombre,0,0,Universidad,663,15000,8000,1,CHROME_MOBILE,NULL
374,0,23,7543,7543,Hombre,0,0,Universidad,635,15000,3000,1,CHROME9,NULL
375,0,40,100000,100000,Hombre,0,3,Universidad,554,120000,70000,1,CHROME_MOBILE,5
376,0,44,13800,13800,Hombre,1,2,Universidad,640,9000,5000,0,CHROME_MOBILE,4
377,0,31,3149.3,3149.3,Hombre,0,2,Universidad,652,8000,5000,1,CHROME_MOBILE,1
378,0,32,2500,2500,Hombre,0,2,Preparatoria,572,10000,4000,1,MOBILE_SAFARI,1
379,0,38,10000,12000,Mujer,1,0,Maestr√≠a,524,14000,10500,0,UNKNOWN,NULL
380,0,18,17000,17000,Hombre,0,3,Universidad,511,40000,15000,0,CHROME_MOBILE,3
381,0,28,4250,4250,Mujer,0,0,Universidad,466,15000,10000,0,CHROME_MOBILE,NULL
382,1,33,1400,1400,Hombre,1,1,Preparatoria,591,10000,6000,1,FIREFOX_MOBILE,NULL
383,0,42,19367,19367,Hombre,0,2,Universidad,551,12000,7000,1,MOBILE_SAFARI,NULL
384,0,22,5500,4500,Mujer,0,0,Universidad,0,5600,1600,0,CHROME_MOBILE,NULL
385,0,35,5240,5240,Hombre,1,0,Universidad,417,11530.08,8000,0,CHROME9,NULL
386,0,47,100000,100000,Hombre,0,2,Universidad,0,160000,120000,2,CHROME_MOBILE,NULL
387,0,39,6249,6249,Hombre,0,4,Universidad,508,16000,12000,1,MOBILE_SAFARI,1
388,1,44,20000,6000,Hombre,0,3,Universidad,537,20000,6000,1,APPLE_WEB_KIT,NULL
389,1,26,4654.05,2500,Hombre,0,0,Universidad,474,7000,3500,0,CHROME_MOBILE,1
390,0,42,6000,2800,Hombre,0,1,Preparatoria,483,8000,3000,1,CHROME_MOBILE,NULL
391,1,50,37200,18200,Mujer,1,0,Maestr√≠a,504,17000,8000,1,CHROME_MOBILE,2
392,0,39,35000,35000,Mujer,0,0,Maestr√≠a,418,60000,40000,NULL,NULL,3
393,0,32,10000,4000,Mujer,0,1,Secundaria,684,20000,8000,1,CHROME9,NULL
394,0,34,3000,3000,Hombre,0,1,Preparatoria,690,15000,6000,8,CHROME9,NULL
395,0,28,23000,8000,Hombre,0,0,Universidad,624,8500,4000,1,CHROME9,NULL
396,0,49,3000,2000,Mujer,0,1,Secundaria,486,6000,4000,1,CHROME_MOBILE,NULL
397,0,36,7543,7543,Mujer,0,0,Maestr√≠a,519,24000,16000,0,CHROME_MOBILE,NULL
398,1,34,30000,8000,Hombre,0,0,Universidad,548,13000,8000,0,CHROME_MOBILE,NULL
399,1,22,6860,6860,Hombre,0,0,Universidad,464,25000,15000,1,CHROME8,4
400,0,22,21000,20000,Hombre,1,0,Universidad,672,15000,7000,1,APPLE_WEB_KIT,1
401,0,59,7000,7000,Hombre,1,1,Maestr√≠a,618,30000,20000,1,CHROME_MOBILE,3
402,1,39,4000,4000,Hombre,0,4,Secundaria,393,13000,4000,14,CHROME_MOBILE,2
403,0,38,7000,4000,Hombre,0,3,Preparatoria,525,18000,5000,0,CHROME_MOBILE,1
404,0,39,7000,6000,Hombre,1,2,Universidad,480,9500,6000,10,UNKNOWN,NULL
405,0,35,20000,12000,Hombre,0,0,Universidad,509,35000,15000,0,CHROME_MOBILE,1
406,0,35,9000,6500,Hombre,0,2,Universidad,504,25000,7490,NULL,NULL,2
407,1,49,15000,7000,Mujer,0,2,Preparatoria,589,18000,8000,8,CHROME9,NULL
408,0,38,14550,13000,Hombre,0,2,Preparatoria,706,8500,3000,NULL,NULL,1
409,0,31,15269,8000,Mujer,0,1,Universidad,582,16000,4000,0,MOBILE_SAFARI,NULL
410,0,28,20000,15600,Mujer,0,0,Universidad,691,16000,5000,1,CHROME_MOBILE,1
411,0,49,10000,8000,Hombre,0,3,Universidad,508,30000,23000,0,CHROME9,1
412,1,63,10000,3000,Hombre,0,1,Primaria,672,1000,10000,6,CHROME_MOBILE,NULL
413,1,19,7360,5000,Hombre,0,0,Secundaria,625,6000,1500,NULL,NULL,NULL
414,0,26,9000,9000,Hombre,0,0,Universidad,546,12500,5000,0,CHROME9,1
415,0,32,17500,17500,Hombre,0,2,Universidad,502,16000,10000,NULL,NULL,NULL
416,0,20,20400,7000,Hombre,0,0,Universidad,608,26500,6000,NULL,NULL,3
417,0,20,15910,15910,Hombre,0,0,Preparatoria,614,12000,4000,0,CHROME8,3
418,0,29,20000,20000,Hombre,0,0,Universidad,437,30000,5000,NULL,NULL,3
419,0,27,4000,4000,Hombre,0,1,Preparatoria,438,13000,4000,1,CHROME_MOBILE,1
420,0,38,24000,24000,Hombre,0,1,Universidad,627,36500,15000,0,CHROME_MOBILE,1
421,1,20,8000,5000,Hombre,0,0,Preparatoria,577,6000,1500,1,CHROME_MOBILE,NULL
422,0,43,2000,2000,Hombre,0,2,Preparatoria,596,4500,4000,8,CHROME_MOBILE,1
423,0,38,60000,60000,Mujer,0,1,Universidad,606,15000,5000,0,CHROME_MOBILE,NULL
424,0,26,6000,6000,Hombre,0,0,Universidad,640,12500,7000,0,UNKNOWN,NULL
425,0,25,19500,19500,Hombre,1,2,Universidad,480,80000,65000,0,CHROME_MOBILE,3
426,0,36,2325,2325,Mujer,0,2,Universidad,592,5000,4000,0,CHROME8,NULL
427,1,36,40000,17000,Hombre,0,1,Universidad,390,50000,40000,0,UNKNOWN,NULL
428,0,47,2500,2500,Hombre,0,3,Maestr√≠a,564,5500,2500,1,CHROME_MOBILE,1
429,1,28,12000,5000,Mujer,0,2,Preparatoria,491,28000,10000,0,CHROME9,NULL
430,0,35,100000,18000,Hombre,0,1,Preparatoria,555,100000,50000,0,MOBILE_SAFARI,NULL
431,0,35,18490,18490,Hombre,0,0,Universidad,673,25000,10000,1,APPLE_WEB_KIT,1
432,0,35,26700,20000,Mujer,1,0,Universidad,545,25000,12000,1,MOBILE_SAFARI,NULL
433,1,31,20000,20000,Mujer,0,0,Universidad,541,40000,20000,0,CHROME_MOBILE,1
434,1,29,4798,4798,Mujer,0,0,Preparatoria,437,7000,4000,1,CHROME_MOBILE,1
435,0,30,19500,19500,Hombre,0,1,Universidad,459,20000,10000,1,CHROME_MOBILE,3
436,0,34,18700,13399,Hombre,0,0,Universidad,635,15200,7500,0,CHROME_MOBILE,2
437,0,25,4000,4000,Hombre,0,3,Preparatoria,660,5000,2500,8,CHROME_MOBILE,NULL
438,1,38,3700,3700,Hombre,0,3,Universidad,438,100000,70000,0,UNKNOWN,2
439,0,27,3000,2650,Mujer,0,0,Universidad,656,20000,5000,1,MOBILE_SAFARI,NULL
440,0,52,3000,3000,Mujer,0,0,Preparatoria,644,12000,6000,1,CHROME9,NULL
441,0,36,23900,20000,Hombre,0,0,Preparatoria,529,20000,12000,1,APPLE_WEB_KIT,1
442,0,23,30000,12000,Mujer,0,0,Universidad,544,11000,8000,0,CHROME_MOBILE,1
443,0,27,4599,4599,Hombre,0,0,Preparatoria,539,10000,5000,1,CHROME9,2
444,0,38,6000,5000,Hombre,0,3,Universidad,400,20000,17000,10,MOBILE_SAFARI,1
445,0,28,32900,28000,Hombre,0,0,Universidad,708,20000,12000,1,CHROME9,1
446,0,29,5650,5650,Hombre,0,1,Universidad,585,5000,3500,1,APPLE_WEB_KIT,2
447,0,32,15000,8000,Mujer,0,0,Primaria,697,12000,4000,1,CHROME_MOBILE,NULL
448,0,28,4637,4637,Hombre,0,0,Preparatoria,393,30000,10000,0,CHROME9,NULL
449,0,48,10000,4000,Hombre,0,3,Secundaria,538,10000,4000,80,CHROME9,NULL
450,1,30,4500,4599,Hombre,1,0,Universidad,608,14500,6500,0,CHROME9,NULL
451,0,28,15000,5000,Mujer,0,1,Universidad,555,20000,10000,1,CHROME9,1
452,0,46,32000,27000,Mujer,0,0,Universidad,626,50000,15000,NULL,NULL,NULL
453,0,39,43000,28000,Hombre,0,3,Universidad,650,30000,20000,1,CHROME_MOBILE,6
454,0,64,9000,8273.8,Hombre,0,2,Secundaria,748,40000,8000,8,CHROME_MOBILE,3
455,0,24,35000,25000,Hombre,0,1,Universidad,446,125000,50000,NULL,NULL,3
456,0,37,41800,25000,Hombre,0,0,Maestr√≠a,563,30000,10000,1,CHROME_MOBILE,NULL
457,0,39,1400,1400,Hombre,0,2,Preparatoria,463,10000,6000,0,CHROME_MOBILE,NULL
458,0,41,31700,18200,Mujer,0,1,Preparatoria,465,25000,10000,0,CHROME_MOBILE,3
459,0,48,20000,16624,Hombre,0,2,Universidad,443,35000,25000,0,CHROME_MOBILE,1
460,1,28,7490,7490,Mujer,0,0,Universidad,500,18000,18000,0,CHROME_MOBILE,3
461,0,52,10000,10000,Hombre,1,2,Preparatoria,456,25000,20000,1,CHROME_MOBILE,NULL
462,0,31,6000,5000,Hombre,0,0,Universidad,651,10000,4000,0,CHROME_MOBILE,NULL
463,0,27,10000,3000,Hombre,0,1,Secundaria,647,10000,3000,1,CHROME_MOBILE,NULL
464,1,23,5300,2790,Hombre,0,0,Secundaria,539,6000,3000,1,CHROME_MOBILE,NULL
465,1,32,20339,17999,Mujer,0,1,Universidad,397,35000,30000,0,CHROME9,2
466,0,35,4000,4000,Hombre,0,3,Preparatoria,554,10000,4000,1,CHROME9,2
467,0,60,5000,2261.18,Hombre,0,1,Primaria,637,12000,5000,1,CHROME_MOBILE,1
468,0,29,40000,40000,Hombre,1,0,Universidad,588,20000,11000,8,CHROME9,NULL
469,1,23,21475,6800,Hombre,1,0,Preparatoria,605,10000,4000,0,CHROME_MOBILE,1
470,1,20,15000,6981.99,Hombre,1,0,Preparatoria,446,17000,10000,6,MOBILE_SAFARI,NULL
471,0,50,17000,17000,Hombre,0,2,Universidad,528,80000,60000,0,APPLE_WEB_KIT,1
472,0,41,8680,8680,Hombre,1,0,Preparatoria,388,10000,3000,0,CHROME_MOBILE,8
473,0,25,8290,6800,Mujer,0,0,Universidad,659,9800,3600,1,CHROME_MOBILE,NULL
474,0,56,19000,10800,Mujer,0,2,Preparatoria,591,15000,7000,0,CHROME9,1
475,1,34,19915,5500,Hombre,0,2,Universidad,461,12000,7000,0,CHROME8,NULL
476,0,44,15000,4000,Mujer,0,2,Preparatoria,704,30000,5000,1,CHROME_MOBILE,NULL
477,0,30,30820,23000,Hombre,0,0,Universidad,542,21000,10000,NULL,NULL,NULL
478,0,42,4000,4000,Hombre,0,3,Secundaria,463,16000,8000,8,CHROME9,1
479,0,43,6000,6000,Mujer,0,1,Secundaria,464,25000,12000,8,CHROME_MOBILE,1
480,0,25,15490,15490,Hombre,0,0,Universidad,537,12000,8000,0,CHROME_MOBILE,NULL
481,1,35,13200,13200,Mujer,0,2,Universidad,493,40000,30000,1,CHROME_MOBILE,1
482,0,34,10000,2195,Hombre,1,2,Universidad,573,21000,15000,1,CHROME_MOBILE,NULL
483,0,21,5258,5258,Hombre,1,0,Universidad,641,14000,7500,0,CHROME_MOBILE,NULL
484,0,43,5000,5000,Hombre,0,3,Preparatoria,571,16000,6000,6,CHROME9,1
485,0,29,15000,13000,Hombre,0,2,Preparatoria,480,10000,5500,0,CHROME9,NULL
486,0,37,67000,60000,Mujer,1,0,Universidad,517,25000,15000,1,CHROME_MOBILE,2
487,0,32,7890,7890,Mujer,0,1,Universidad,655,58580,35000,NULL,NULL,2
488,0,41,11000,11000,Hombre,0,2,Universidad,466,38000,30000,0,EDGE_MOBILE,4
489,0,31,1000,1000,Hombre,0,1,Preparatoria,626,10000,2000,8,CHROME_MOBILE,1
490,0,27,7543,7543,Mujer,0,0,Universidad,665,30000,15000,1,UNKNOWN,2
491,0,38,21000,12000,Hombre,0,1,Doctorado,615,51000,5000,0,UNKNOWN,NULL
492,0,26,8000,8000,Mujer,0,0,Preparatoria,459,12000,4000,0,CHROME_MOBILE,2
493,0,37,2000,2000,Hombre,1,1,Preparatoria,614,12000,5000,1,CHROME9,NULL
494,0,30,18700,18700,Mujer,0,0,Maestr√≠a,597,35000,15000,1,SAFARI,1
495,1,31,3500,3500,Hombre,0,0,Preparatoria,606,10000,6000,8,MOBILE_SAFARI,NULL
496,0,43,10000,5000,Mujer,0,1,Secundaria,696,18000,10000,0,CHROME9,NULL
497,1,33,15000,4000,Mujer,0,2,Preparatoria,628,5000,2000,8,CHROME9,NULL
498,0,30,17890,17890,Hombre,0,0,Universidad,482,20000,10000,1,CHROME_MOBILE,4
499,1,34,6999,6200,Hombre,1,4,Preparatoria,528,6000,2000,NULL,NULL,NULL
500,0,31,5000,5000,Hombre,1,3,Preparatoria,658,6000,4000,1,MOBILE_SAFARI,NULL
501,0,42,20315,18000,Hombre,0,3,Secundaria,474,8000,3000,NULL,NULL,1
502,1,30,26000,23000,Hombre,0,2,Secundaria,506,70000,50000,0,CHROME_MOBILE,NULL
503,0,49,8000,4000,Hombre,0,3,Preparatoria,491,10000,2000,1,MOBILE_SAFARI,NULL
504,0,25,6000,6000,Mujer,0,0,Universidad,587,19000,5000,0,CHROME_MOBILE,2
505,1,26,16500,16500,Mujer,0,0,Universidad,580,9000,7000,NULL,NULL,1
506,0,35,1268.45,1268.45,Mujer,1,0,Universidad,438,12000,5000,0,CHROME_MOBILE,3
507,1,22,37400,27000,Hombre,0,0,Universidad,544,10000,5000,0,CHROME_MOBILE,3
508,0,27,14800,14800,Hombre,0,0,Maestr√≠a,610,45200,22000,NULL,NULL,5
509,0,32,2000,2000,Mujer,0,2,Secundaria,607,13000,6000,10,CHROME9,4
510,1,23,2000,2000,Mujer,0,0,Universidad,601,8000,2000,1,CHROME9,NULL
511,0,29,15000,11350,Mujer,0,0,Universidad,625,24000,10000,NULL,NULL,1
512,1,37,15500,15500,Hombre,0,3,Preparatoria,606,18000,10000,NULL,NULL,NULL
513,0,56,5000,5000,Hombre,0,2,Preparatoria,736,25000,8000,8,CHROME8,NULL
514,0,53,16999,16999,Hombre,0,2,Secundaria,695,10000,7000,8,UNKNOWN,NULL
515,1,33,10000,10000,Hombre,0,1,Universidad,460,10000,6000,1,CHROME_MOBILE,5
516,1,33,5385,5385,Hombre,0,2,Universidad,550,12000,7000,1,UNKNOWN,NULL
517,1,53,5000,5000,Mujer,0,0,Preparatoria,511,15000,8000,1,CHROME9,NULL
518,0,40,19699,12000,Hombre,0,2,Maestr√≠a,415,90000,60000,NULL,NULL,1
519,1,20,10000,2000,Mujer,0,1,Preparatoria,504,6000,3500,8,MOBILE_SAFARI,NULL
520,0,19,10000,4000,Mujer,0,0,Secundaria,600,6500,2900,0,CHROME9,NULL
521,0,39,10000,2400,Mujer,0,0,Secundaria,635,10000,6000,8,CHROME9,NULL
522,0,52,10000,6000,Hombre,1,3,Preparatoria,548,25000,15000,NULL,NULL,NULL
523,0,26,15000,15000,Hombre,1,0,Universidad,535,28000,11900,0,MOBILE_SAFARI,3
524,0,40,3959.3,3960,Hombre,0,1,Preparatoria,497,18000,13000,1,CHROME_MOBILE,NULL
525,0,35,36900,36900,Hombre,0,0,Universidad,569,28000,15000,1,CHROME_MOBILE,2
526,1,21,4500,2000,Hombre,0,3,Preparatoria,664,9000,3000,8,CHROME9,NULL
527,0,36,16200,16200,Mujer,0,0,Universidad,602,16000,7000,1,CHROME_MOBILE,3
528,0,37,13566,9182,Hombre,0,3,Universidad,689,10000,6000,1,APPLE_WEB_KIT,NULL
529,1,30,14000,9000,Hombre,1,1,Universidad,428,9600,5400,1,CHROME9,1
530,0,31,6999,6999,Hombre,0,3,Universidad,619,10000,6000,NULL,NULL,NULL
531,0,46,19500,5000,Hombre,0,2,Secundaria,495,7000,5000,8,CHROME_MOBILE,NULL
532,0,32,16000,5500,Hombre,0,3,Universidad,502,80000,30000,1,MOBILE_SAFARI,NULL
533,1,36,10000,3000,Mujer,0,1,Secundaria,678,9000,3000,8,CHROME_MOBILE,NULL
534,0,33,17990,17990,Hombre,0,0,Maestr√≠a,511,30000,25000,1,CHROME9,4
535,0,25,18900,10500,Hombre,1,0,Universidad,549,8000,3500,0,CHROME8,1
536,0,26,7490,7490,Mujer,0,0,Universidad,587,10560,4500,NULL,NULL,2
537,0,29,27000,17000,Hombre,0,0,Preparatoria,620,11000,2000,1,MOBILE_SAFARI,NULL
538,1,23,10000,10000,Hombre,0,2,Preparatoria,464,50000,20000,0,CHROME_MOBILE,1
539,0,34,20000,20000,Mujer,1,0,Universidad,598,12000,5000,6,CHROME_MOBILE,NULL
540,0,60,17999,17999,Hombre,1,2,Maestr√≠a,563,65000,30000,1,CHROME9,4
541,0,45,18940,18940,Hombre,0,0,Maestr√≠a,531,62000,20000,0,CHROME_MOBILE,1
542,0,25,7600,5200,Mujer,1,1,Preparatoria,517,6000,1000,1,CHROME_MOBILE,NULL
543,0,35,5158.88,5158.88,Hombre,0,0,Preparatoria,435,100000,30000,0,APPLE_WEB_KIT,2
544,0,52,5000,5000,Hombre,0,2,Preparatoria,666,8000,15000,1,APPLE_WEB_KIT,NULL
545,1,41,15000,15000,Hombre,1,3,Maestr√≠a,640,25000,15000,0,APPLE_WEB_KIT,NULL
546,1,20,20000,8000,Hombre,0,0,Preparatoria,537,25000,20000,1,CHROME_MOBILE,3
547,0,24,4250,4250,Mujer,0,0,Universidad,621,15000,10000,0,MOBILE_SAFARI,NULL
548,0,21,16149,16149,Hombre,1,0,Universidad,463,15000,5000,0,CHROME_MOBILE,NULL
549,0,29,34690,12000,Hombre,1,0,Universidad,693,12000,3000,0,CHROME_MOBILE,NULL
550,0,27,10000,10000,Hombre,0,0,Universidad,609,7000,3000,4,CHROME_MOBILE,1
551,0,27,6000,6000,Mujer,0,0,Universidad,710,5000,2000,NULL,NULL,1
552,0,41,28400,28399,Hombre,0,2,Universidad,593,50000,29000,1,CHROME_MOBILE,6
553,1,34,14700,14700,Hombre,0,0,Universidad,0,36000,20000,0,CHROME_MOBILE,NULL
554,0,24,5000,5000,Hombre,0,1,Universidad,550,20000,10000,1,CHROME_MOBILE,NULL
555,1,29,55000,55000,Hombre,0,0,Maestr√≠a,520,40000,20000,0,APPLE_WEB_KIT,4
556,0,25,22700,22700,Mujer,0,0,Universidad,494,2000,15000,0,CHROME_MOBILE,NULL
557,0,29,20000,11500,Hombre,0,3,Preparatoria,502,17000,12000,1,CHROME_MOBILE,NULL
558,0,40,10000,10000,Mujer,0,0,Universidad,638,14000,7000,NULL,NULL,NULL
559,0,44,10000,3000,Hombre,0,0,Secundaria,656,10000,3000,1,CHROME9,1
560,0,61,11000,3000,Mujer,0,0,Ninguno,543,15000,3000,0,CHROME9,NULL
561,0,38,100000,100000,Hombre,0,0,Universidad,564,180000,120000,0,CHROME_MOBILE,3
562,1,31,4680,4680,Hombre,1,0,Universidad,464,10000,6000,1,CHROME_MOBILE,3
563,0,62,15000,3742,Mujer,0,0,Preparatoria,423,10000,4000,8,MOBILE_SAFARI,6
564,0,22,13200,10000,Hombre,0,0,Universidad,0,8000,4000,1,CHROME_MOBILE,NULL
565,0,29,6000,6000,Mujer,0,0,Universidad,513,22000,8000,1,CHROME9,NULL
566,0,26,18990,18990,Hombre,0,0,Universidad,419,70000,30000,0,CHROME9,4
567,1,30,7490,5500,Hombre,0,0,Universidad,482,18000,4000,NULL,NULL,NULL
568,1,27,11400,11400,Hombre,0,0,Universidad,449,8500,4500,1,CHROME_MOBILE,2
569,1,21,7500,5000,Mujer,1,0,Preparatoria,468,9000,3500,1,CHROME_MOBILE,NULL
570,0,61,15000,3191,Mujer,0,0,Preparatoria,721,10000,2000,1,CHROME9,NULL
571,0,29,7543,5000,Hombre,1,1,Preparatoria,643,10500,5000,1,CHROME_MOBILE,NULL
572,0,32,2400,2400,Mujer,0,0,Universidad,652,15000,10000,1,APPLE_WEB_KIT,NULL
573,0,25,14550,14550,Mujer,0,0,Universidad,581,140000,60000,NULL,NULL,1
574,0,49,60000,65000,Hombre,0,1,Universidad,623,50000,25000,NULL,NULL,NULL
575,0,33,25000,25000,Mujer,0,0,Universidad,626,25000,15000,1,CHROME_MOBILE,3
576,0,27,13000,9000,Hombre,1,3,Universidad,631,18000,9000,1,CHROME9,1
577,0,32,16610,16610,Hombre,1,1,Maestr√≠a,597,45000,23000,1,CHROME_MOBILE,NULL
578,0,58,20000,20000,Hombre,0,3,Universidad,482,30000,20000,10,CHROME_MOBILE,3
579,1,25,18000,4000,Mujer,0,0,Secundaria,632,20000,8000,1,CHROME_MOBILE,NULL
580,0,23,15000,5000,Mujer,0,0,Universidad,618,3600,1500,1,UNKNOWN,NULL
581,1,30,10000,4000,Mujer,0,2,Preparatoria,559,10000,2000,1,CHROME9,NULL
582,0,21,20000,6500,Hombre,0,0,Universidad,625,4000,4000,0,CHROME_MOBILE,3
583,0,59,24000,14000,Hombre,0,4,Maestr√≠a,565,80000,70000,1,MOBILE_SAFARI,5
584,1,32,15000,12000,Mujer,0,3,Universidad,527,10000,4500,NULL,NULL,3
585,0,28,15000,6000,Hombre,0,3,Preparatoria,553,16000,7000,8,CHROME9,NULL
586,0,24,1299,1299,Mujer,0,1,Universidad,0,12000,7000,0,CHROME_MOBILE,NULL
587,0,25,15000,3000,Hombre,0,0,Universidad,610,8000,2000,1,CHROME_MOBILE,NULL
588,0,38,15000,4000,Hombre,0,1,Universidad,497,20000,10000,1,CHROME_MOBILE,1
589,1,43,2000,2000,Hombre,0,2,Primaria,642,10000,6000,0,CHROME_MOBILE,NULL
590,0,34,65000,15000,Hombre,0,0,Preparatoria,571,95000,25000,1,CHROME_MOBILE,NULL
591,0,31,3500,3500,Mujer,1,3,Preparatoria,530,44000,26000,1,CHROME_MOBILE,1
592,0,44,18000,17999,Hombre,0,2,Universidad,554,100000,40000,0,CHROME9,2
593,0,37,1773,1773,Hombre,0,3,Preparatoria,634,6400,2700,6,CHROME9,NULL
594,0,37,16999,16999,Mujer,0,1,Universidad,613,35000,20000,1,MOZILLA,1
595,0,26,4799,4799,Hombre,0,0,Secundaria,602,10000,5000,4,CHROME_MOBILE,NULL
596,1,26,34499,34500,Hombre,0,0,Maestr√≠a,443,25000,15000,1,CHROME_MOBILE,1
597,0,30,20000,8000,Hombre,0,0,Universidad,465,15000,10000,0,CHROME8,NULL
598,0,42,22000,15000,Mujer,0,1,Preparatoria,502,15000,6000,0,MOBILE_SAFARI,NULL
599,0,27,11980,11980,Hombre,0,1,Universidad,543,15000,7000,0,CHROME_MOBILE,3
600,0,38,1999,1999,Mujer,0,0,Preparatoria,0,4500,3200,0,MOBILE_SAFARI,NULL
601,0,52,65000,65000,Hombre,0,2,Maestr√≠a,533,70000,25000,0,CHROME_MOBILE,3
602,0,26,4400,4400,Hombre,0,0,Universidad,632,39000,23000,1,CHROME9,NULL
603,0,31,7115,7115,Hombre,0,1,Universidad,623,10000,6000,NULL,NULL,2
604,0,44,62000,54000,Hombre,0,2,Maestr√≠a,635,25000,20000,0,CHROME_MOBILE,2
605,0,41,16000,10000,Mujer,1,1,Universidad,706,10000,8000,0,CHROME8,1
606,0,33,15000,8000,Hombre,0,0,Universidad,508,45000,29000,80,CHROME9,2
607,0,27,14990,13990,Mujer,0,1,Secundaria,481,20000,14000,1,CHROME_MOBILE,NULL
608,0,35,25000,15050,Hombre,0,1,Doctorado,531,55000,20000,1,CHROME_MOBILE,4
609,1,43,15000,6000,Mujer,0,1,Preparatoria,568,15000,6000,8,CHROME_MOBILE,NULL
610,0,37,14000,14000,Mujer,0,2,Universidad,675,8000,4000,0,CHROME8,2
611,1,33,150000,18000,Hombre,0,0,Universidad,600,50000,20000,1,CHROME9,NULL
612,0,49,35000,37000,Mujer,0,2,Preparatoria,538,40000,20000,NULL,NULL,7
613,1,25,19000,8000,Mujer,1,0,Preparatoria,491,12000,3000,8,MOBILE_SAFARI,NULL
614,0,46,50000,20900,Hombre,0,2,Universidad,501,100000,65000,1,CHROME_MOBILE,3
615,1,19,5000,5000,Hombre,0,0,Preparatoria,424,10000,9000,1,CHROME_MOBILE,1
616,0,39,2885,2885,Hombre,0,1,Universidad,0,8300,5200,1,CHROME_MOBILE,NULL
617,0,30,10000,8000,Hombre,0,2,Universidad,510,10000,6000,1,MOBILE_SAFARI,2
618,0,33,13000,12800,Hombre,1,0,Universidad,542,20000,10000,2,CHROME8,NULL
619,0,33,17000,15000,Hombre,0,0,Universidad,590,20000,10000,0,MOZILLA,2
620,0,32,17765,17765,Hombre,0,0,Universidad,532,23000,14000,0,CHROME_MOBILE,3
621,0,35,30000,6188.28,Hombre,0,1,Universidad,597,16000,5000,0,CHROME_MOBILE,NULL
622,1,42,48000,48000,Hombre,0,2,Preparatoria,561,35000,20000,0,CHROME_MOBILE,2
623,0,37,40000,30000,Hombre,0,0,Universidad,528,50000,25000,0,CHROME_MOBILE,NULL
624,0,28,6000,6000,Hombre,0,1,Universidad,617,8000,5000,1,UNKNOWN,6
625,0,37,4580,4580,Mujer,0,0,Maestr√≠a,567,25000,15000,0,CHROME8,3
626,0,39,7000,3000,Hombre,0,4,Preparatoria,545,17000,5000,1,CHROME9,NULL
627,0,24,4000,4000,Mujer,0,1,Secundaria,622,15000,5000,1,CHROME9,NULL
628,0,36,19990,19990,Mujer,0,0,Universidad,599,50000,35000,0,CHROME8,3
629,0,46,14990,15000,Hombre,0,2,Universidad,655,45000,30000,1,SAFARI,3
630,0,28,6000,5120.5,Hombre,0,3,Preparatoria,665,7520,4000,1,CHROME_MOBILE,1
631,0,27,5446,4500,Hombre,0,1,Preparatoria,0,6500,2500,1,APPLE_WEB_KIT,NULL
632,0,64,3000,3000,Hombre,0,4,Secundaria,732,17000,8000,1,CHROME9,NULL
633,0,34,17999,17999,Mujer,1,1,Universidad,535,20000,12000,NULL,NULL,NULL
634,0,39,11350,11350,Hombre,0,0,Universidad,543,25000,15000,NULL,NULL,NULL
635,0,32,20000,20000,Hombre,0,4,Preparatoria,460,18000,10000,0,CHROME_MOBILE,1
636,0,49,4000,4000,Mujer,0,0,Universidad,597,10000,2500,0,CHROME_MOBILE,NULL
637,1,35,40000,9000,Hombre,0,3,Preparatoria,614,15000,8000,NULL,NULL,NULL
638,0,25,17890,17890,Hombre,0,0,Universidad,648,15000,8000,1,CHROME_MOBILE,1
639,0,25,12000,10000,Hombre,0,0,Universidad,482,11000,6000,0,MOBILE_SAFARI,2
640,0,45,2000,2000,Hombre,0,3,Secundaria,459,18000,8000,1,CHROME_MOBILE,NULL
641,1,32,6000,3000,Mujer,0,1,Preparatoria,697,10000,5500,8,CHROME_MOBILE,NULL
642,0,27,10000,10000,Hombre,0,0,Universidad,480,15000,9650,1,CHROME8,1
643,0,39,7500,7500,Mujer,0,0,Secundaria,619,12000,6000,8,CHROME9,NULL
644,1,27,10000,10000,Hombre,0,0,Secundaria,635,10000,3500,1,APPLE_WEB_KIT,NULL
645,0,26,5000,3000,Mujer,0,1,Preparatoria,641,15000,4000,6,CHROME_MOBILE,NULL
646,0,24,1000,1000,Hombre,0,3,Preparatoria,590,12000,4500,NULL,NULL,NULL
647,1,61,23199.2,18000,Hombre,0,2,Universidad,474,12000,5000,1,CHROME_MOBILE,NULL
648,0,21,5000,5000,Hombre,0,1,Preparatoria,546,7000,4000,1,CHROME_MOBILE,NULL
649,0,35,31100,9737,Hombre,0,3,Preparatoria,529,170000,30000,14,CHROME9,NULL
650,0,30,13000,10000,Hombre,1,1,Maestr√≠a,0,16000,5000,0,CHROME_MOBILE,NULL
651,0,37,5000,5000,Hombre,0,1,Universidad,604,14000,5000,0,UNKNOWN,NULL
652,0,31,9500,9500,Hombre,0,0,Universidad,655,20000,7000,1,CHROME_MOBILE,1
653,0,28,9600,9600,Hombre,0,3,Preparatoria,623,20000,5000,1,CHROME9,1
654,1,42,36000,9000,Hombre,0,4,Universidad,476,65000,20000,NULL,NULL,2
655,0,25,15900,13000,Mujer,0,0,Universidad,637,25000,13000,1,CHROME9,NULL
656,0,31,10000,7000,Hombre,0,0,Universidad,0,30000,11000,1,CHROME_MOBILE,NULL
657,1,20,10000,7000,Hombre,0,0,Secundaria,606,10000,2500,8,CHROME_MOBILE,NULL
658,1,46,10000,6300,Hombre,0,1,Preparatoria,570,30000,10000,4,CHROME9,1
659,0,43,30000,6368,Mujer,1,2,Universidad,655,12000,6000,1,CHROME9,NULL
660,0,35,10000,3000,Mujer,0,1,Primaria,643,8000,1000,1,CHROME9,NULL
661,0,57,1000,1000,Mujer,0,0,Secundaria,649,4000,1000,8,CHROME_MOBILE,NULL
662,0,25,4000,3500,Hombre,0,0,Universidad,503,9500,4000,NULL,NULL,1
663,0,46,8500,8500,Hombre,0,2,Universidad,526,22000,17000,NULL,NULL,NULL
664,0,42,35000,3275,Hombre,0,1,Universidad,589,20000,10000,0,CHROME_MOBILE,NULL
665,0,25,41000,30000,Hombre,0,0,Universidad,656,18000,10000,0,CHROME9,4
666,1,32,22680,17740,Hombre,0,0,Maestr√≠a,577,15000,5000,0,CHROME_MOBILE,NULL
667,0,58,4000,4000,Hombre,0,2,Universidad,691,20000,9000,1,CHROME9,NULL
668,0,55,1000,1000,Mujer,0,1,Preparatoria,626,9000,5000,1,CHROME_MOBILE,NULL
669,0,27,10000,15000,Mujer,0,0,Universidad,563,20000,10000,0,APPLE_WEB_KIT,2
670,0,23,10250.5,6000,Hombre,0,0,Universidad,0,13000,5000,1,CHROME_MOBILE,NULL
671,0,42,24000,24000,Mujer,0,4,Preparatoria,512,40000,20000,1,CHROME_MOBILE,5
672,0,42,5000,5000,Hombre,0,0,Primaria,633,14000,4000,10,CHROME9,NULL
673,0,36,8000,8000,Hombre,0,4,Secundaria,700,12000,6000,1,CHROME9,1
674,0,45,8000,8000,Hombre,0,1,Maestr√≠a,610,14000,12500,1,CHROME_MOBILE,4
675,1,29,18600,18600,Mujer,0,1,Universidad,524,30000,20000,0,CHROME8,2
676,0,27,4000,4000,Hombre,1,1,Preparatoria,443,11000,2000,NULL,NULL,2
677,0,28,5979,5979,Hombre,0,0,Universidad,443,24000,6000,0,CHROME_MOBILE,3
678,0,25,20000,11999,Hombre,0,0,Universidad,546,25000,5000,1,CHROME_MOBILE,3
679,0,37,15000,15000,Mujer,1,2,Maestr√≠a,501,20000,13000,0,CHROME_MOBILE,2
680,0,50,3000,3000,Hombre,0,2,Universidad,572,25000,5000,0,CHROME9,NULL
681,0,24,10000,10000,Hombre,1,0,Preparatoria,513,5000,2000,8,CHROME_MOBILE,NULL
682,1,33,1799,1799,Mujer,0,0,Preparatoria,641,30000,18000,0,CHROME_MOBILE,NULL
683,0,45,30000,30000,Mujer,0,1,Universidad,645,70000,35000,0,CHROME_MOBILE,1
684,0,54,30000,30000,Hombre,0,2,Maestr√≠a,508,90000,40000,0,CHROME9,NULL
685,0,37,13200,13200,Mujer,0,1,Universidad,603,14000,9000,1,CHROME9,NULL
686,0,61,16700,16700,Hombre,0,1,Universidad,523,25000,12000,0,CHROME_MOBILE,6
687,0,69,1000,1000,Hombre,0,3,Secundaria,408,12000,5000,0,CHROME_MOBILE,1
688,1,32,5000,3000,Hombre,0,0,Secundaria,0,8000,3500,6,CHROME9,NULL
689,0,28,12000,12000,Hombre,0,1,Preparatoria,634,14000,4000,0,CHROME_MOBILE,NULL
690,0,26,5424,5424,Hombre,0,0,Universidad,623,15000,6000,0,CHROME_MOBILE,2
691,0,31,15000,12000,Mujer,0,1,Preparatoria,612,20000,10000,1,CHROME_MOBILE,NULL
692,0,38,2000,2000,Hombre,0,3,Preparatoria,636,14000,5000,1,CHROME9,NULL
693,0,24,5000,5000,Hombre,0,0,Universidad,649,8000,5300,1,EDGE_MOBILE,NULL
694,0,40,5000,3000,Hombre,0,2,Preparatoria,541,10000,5000,1,CHROME_MOBILE,NULL
695,0,24,12000,5000,Hombre,0,1,Universidad,0,14780,6000,1,CHROME9,NULL
696,0,45,19500,5109.06,Hombre,0,0,Preparatoria,542,58000,4300,10,CHROME9,1
697,0,43,2000,2000,Hombre,0,2,Preparatoria,423,12000,5000,1,CHROME9,1
698,0,35,15000,4000,Hombre,0,4,Preparatoria,499,16000,10000,1,CHROME_MOBILE,NULL
699,0,69,15000,15000,Hombre,0,1,Preparatoria,592,50000,23000,0,CHROME_MOBILE,4
700,0,26,20000,20000,Hombre,0,0,Universidad,591,30000,20000,1,CHROME8,4
701,0,22,4000,4000,Hombre,0,1,Preparatoria,625,12000,3500,14,MOBILE_SAFARI,NULL
702,0,41,2000,2000,Mujer,0,2,Preparatoria,707,20000,5000,1,CHROME9,NULL
703,0,24,1000,1000,Mujer,0,0,Preparatoria,435,4000,2000,0,CHROME_MOBILE,2
704,0,27,7377,4868,Hombre,0,0,Universidad,503,7500,4000,1,CHROME8,NULL
705,0,34,9980,7490,Hombre,0,2,Universidad,458,34000,3000,NULL,NULL,2
706,0,59,50000,50000,Hombre,0,2,Universidad,403,900000,750000,1,CHROME_MOBILE,3
707,0,41,10000,4000,Mujer,0,2,Universidad,455,30000,20000,1,MOBILE_SAFARI,NULL
708,0,44,50000,45000,Hombre,0,2,Preparatoria,571,24000,14000,0,CHROME8,NULL
709,1,22,6749,6749,Hombre,0,0,Preparatoria,633,4384,500,1,UNKNOWN,NULL
710,0,50,3000,3000,Mujer,0,2,Universidad,702,6500,2500,0,CHROME9,NULL
711,0,31,55000,40000,Hombre,0,0,Universidad,611,12000,4000,0,CHROME_MOBILE,6
712,0,49,20000,20000,Hombre,0,3,Universidad,405,25000,6000,1,UNKNOWN,4
713,1,21,12000,12000,Mujer,0,2,Universidad,534,3800,3800,NULL,NULL,NULL
714,1,19,2000,2000,Mujer,0,0,Preparatoria,628,4000,2000,1,CHROME9,NULL
715,0,38,33830,30000,Hombre,0,0,Universidad,553,28000,11000,1,CHROME_MOBILE,1
716,1,62,5000,3000,Hombre,0,2,Secundaria,497,30000,17500,0,CHROME9,1
717,1,41,8000,5700,Hombre,0,0,Universidad,431,40000,20000,0,CHROME_MOBILE,5
718,0,26,7490,7490,Hombre,1,0,Universidad,631,25000,4500,NULL,NULL,2
719,0,37,2000,2000,Hombre,0,1,Secundaria,485,18000,5000,1,CHROME9,NULL
720,0,27,20000,15000,Hombre,0,0,Universidad,627,20000,20000,0,MOZILLA,4
721,0,27,7100,7100,Hombre,1,0,Primaria,620,10000,6000,0,MOBILE_SAFARI,NULL
722,0,28,2000,2000,Hombre,1,4,Universidad,591,11000,7000,1,SAFARI,2
723,0,34,5000,2000,Mujer,1,0,Preparatoria,415,6000,2000,0,CHROME_MOBILE,1
724,1,30,8500,6000,Hombre,0,3,Preparatoria,0,25000,14000,1,MOBILE_SAFARI,NULL
725,0,34,22500,22500,Hombre,0,1,Universidad,624,70000,55000,0,CHROME8,2
726,1,34,100000,4000,Mujer,0,2,Universidad,405,20000,4000,1,CHROME_MOBILE,1
727,0,32,15000,15000,Hombre,1,1,Secundaria,672,15000,9000,0,CHROME_MOBILE,NULL
728,0,38,16000,16000,Mujer,0,2,Maestr√≠a,485,30000,25000,6,CHROME9,1
729,0,24,17890,17890,Mujer,0,0,Universidad,0,15000,2000,0,CHROME_MOBILE,NULL
730,1,54,10000,6000,Hombre,0,0,Preparatoria,506,10000,2000,6,CHROME_MOBILE,NULL
731,0,37,3400,3400,Mujer,0,0,Universidad,605,20000,8000,1,CHROME9,3
732,1,23,6249,6249,Hombre,0,0,Universidad,513,5500,3500,0,CHROME_MOBILE,NULL
733,0,41,5040,5040,Hombre,0,2,Preparatoria,0,4800,5000,1,UNKNOWN,NULL
734,0,30,7000,7000,Hombre,0,2,Preparatoria,644,10000,2000,1,UNKNOWN,1
735,0,28,5000,5000,Hombre,0,4,Preparatoria,687,12000,4000,8,CHROME_MOBILE,1
736,0,41,16000,15500,Mujer,0,1,Preparatoria,710,10000,3800,8,CHROME_MOBILE,NULL
737,0,23,15000,15000,Hombre,0,0,Preparatoria,673,10000,4800,0,MOBILE_SAFARI,NULL
738,0,38,10000,10000,Mujer,0,1,Universidad,479,12000,4000,0,MOBILE_SAFARI,3
739,0,35,4000,4000,Mujer,0,4,Secundaria,619,8000,5000,0,EDGE_MOBILE,NULL
740,0,50,11100,11100,Hombre,0,1,Preparatoria,676,23000,8000,1,CHROME9,1
741,1,34,14000,12000,Hombre,0,0,Universidad,460,25000,15000,1,CHROME_MOBILE,3
742,0,31,20900,18686,Hombre,1,1,Universidad,502,15000,8000,0,CHROME_MOBILE,NULL
743,0,26,13690,13000,Hombre,0,0,Universidad,644,30000,5000,1,CHROME9,NULL
744,0,23,6000,5000,Hombre,0,2,Secundaria,526,7000,4000,1,CHROME9,NULL
745,0,25,5190,5190,Hombre,0,0,Universidad,464,18000,10000,8,CHROME_MOBILE,6
746,1,29,10900,6500,Hombre,0,2,Primaria,606,9000,6500,1,CHROME_MOBILE,NULL
747,0,26,20500,20400,Hombre,0,0,Universidad,596,16000,4500,1,SAFARI,2
748,0,23,6000,6500,Hombre,0,0,Universidad,605,12000,3500,NULL,NULL,1
749,0,25,6500,6500,Hombre,0,0,Universidad,619,7000,3000,NULL,NULL,NULL
750,1,33,40000,29999,Hombre,0,0,Universidad,522,20000,10000,0,APPLE_WEB_KIT,5
751,0,38,60000,27000,Mujer,0,3,Universidad,626,60000,35000,1,CHROME_MOBILE,NULL
752,1,45,18650,14000,Hombre,0,3,Universidad,427,35000,25000,1,CHROME_MOBILE,3
753,0,26,4500,5000,Hombre,1,1,Universidad,594,11000,5000,0,MOBILE_SAFARI,1
754,0,64,10000,5400,Hombre,0,3,Universidad,553,34000,25000,14,CHROME9,1
755,0,36,80000,100000,Hombre,0,3,Maestr√≠a,640,180000,90000,0,MOBILE_SAFARI,1
756,1,24,2507,2507,Hombre,1,0,Universidad,474,10000,4000,1,CHROME9,NULL
757,0,28,7490,7490,Hombre,0,0,Secundaria,610,6000,2000,NULL,NULL,1
758,0,29,5500,3000,Mujer,0,2,Preparatoria,509,13000,6000,1,MOBILE_SAFARI,NULL
759,0,33,28900,28900,Hombre,0,0,Universidad,692,48000,25000,0,CHROME_MOBILE,3
760,0,26,5000,5000,Hombre,0,1,Universidad,651,22000,8000,1,CHROME9,1
761,1,24,16000,16000,Mujer,0,0,Universidad,602,22000,5000,2,CHROME_MOBILE,NULL
762,0,42,15000,13900,Hombre,0,3,Maestr√≠a,646,60000,40000,1,UNKNOWN,7
763,0,31,8000,6000,Hombre,0,1,Universidad,584,15880,6000,NULL,NULL,NULL
764,0,29,8999,7800,Hombre,0,1,Universidad,481,9000,5000,NULL,NULL,NULL
765,0,38,3000,2300,Hombre,0,0,Maestr√≠a,506,30000,2000,0,CHROME9,2
766,0,19,5000,5000,Hombre,0,0,Preparatoria,0,6000,2000,0,UNKNOWN,NULL
767,0,25,4139,4139,Hombre,0,1,Preparatoria,553,7000,4500,0,CHROME_MOBILE,1
768,0,30,10000,10000,Mujer,0,1,Universidad,606,25000,8000,1,CHROME_MOBILE,2
769,1,27,10000,6000,Hombre,1,0,Universidad,606,8000,2500,1,CHROME_MOBILE,NULL
770,1,37,5000,2000,Mujer,0,1,Primaria,628,15000,3000,14,CHROME_MOBILE,NULL
771,0,40,6720,6720,Hombre,0,2,Universidad,491,80000,45000,0,MOBILE_SAFARI,3
772,1,24,15000,14500,Hombre,0,0,Preparatoria,568,17800,4700,NULL,NULL,1
773,1,27,4700,4700,Hombre,0,2,Preparatoria,630,9000,7000,1,CHROME_MOBILE,NULL
774,0,63,40000,3500,Mujer,0,0,Preparatoria,745,12000,5000,8,MOBILE_SAFARI,1
775,0,26,13000,3506,Hombre,0,0,Universidad,566,8000,4000,1,CHROME_MOBILE,NULL
776,0,34,4100,4500,Hombre,0,2,Universidad,510,21000,9000,NULL,NULL,1
777,0,27,10000,5000,Hombre,0,0,Universidad,631,15000,7500,1,CHROME_MOBILE,NULL
778,1,20,18000,8000,Mujer,0,0,Universidad,664,15000,4000,8,CHROME9,NULL
779,0,32,4005,3000,Hombre,0,2,Preparatoria,609,10000,7000,NULL,NULL,NULL
780,0,31,10000,10000,Hombre,0,1,Universidad,493,30000,15000,1,CHROME_MOBILE,NULL
781,1,37,2448,2448,Hombre,0,4,Preparatoria,468,10000,5500,1,MOBILE_SAFARI,NULL
782,1,23,6000,6000,Hombre,1,0,Universidad,0,12000,4000,0,CHROME_MOBILE,NULL
783,0,61,5000,3000,Hombre,0,1,Preparatoria,675,15000,2000,4,MOBILE_SAFARI,NULL
784,0,40,65000,65000,Hombre,1,1,Universidad,619,40000,25000,2,CHROME_MOBILE,2
785,0,29,12000,12000,Hombre,0,0,Preparatoria,637,6000,3000,0,MOBILE_SAFARI,1
786,0,56,4500,4500,Hombre,0,1,Primaria,493,8000,3000,8,CHROME_MOBILE,1
787,1,26,7000,7000,Hombre,0,1,Universidad,602,15000,9500,1,CHROME_MOBILE,NULL
788,0,33,20000,15000,Mujer,0,1,Universidad,630,19000,10000,0,CHROME_MOBILE,NULL
789,0,23,12000,12000,Hombre,0,0,Universidad,593,33000,8000,1,CHROME_MOBILE,NULL
790,1,25,17000,6000,Hombre,0,0,Preparatoria,629,24000,10000,10,CHROME_MOBILE,NULL
791,0,23,15200,15200,Mujer,0,0,Preparatoria,0,5000,1500,1,CHROME_MOBILE,NULL
792,0,24,5000,5000,Hombre,1,0,Preparatoria,568,15000,4000,NULL,NULL,NULL
793,0,24,65000,27000,Hombre,0,0,Universidad,601,16000,8000,0,MOBILE_SAFARI,2
794,0,62,1000,1000,Mujer,0,0,Preparatoria,449,20000,8000,1,CHROME9,3
795,1,34,69350,10000,Hombre,0,1,Maestr√≠a,562,30000,10000,0,CHROME_MOBILE,1
796,0,30,5000,6000,Hombre,0,1,Universidad,474,12600,4000,NULL,NULL,NULL
797,1,27,5000,3000,Mujer,0,1,Preparatoria,609,6500,1500,1,CHROME9,NULL
798,0,36,32400,32400,Mujer,0,0,Universidad,609,20000,10000,1,UNKNOWN,3
799,0,32,25000,25000,Mujer,0,3,Secundaria,580,20000,20000,1,CHROME_MOBILE,2
800,0,31,6000,6000,Mujer,0,2,Preparatoria,633,10000,5000,1,CHROME9,1
801,0,48,11900,10000,Mujer,0,0,Maestr√≠a,674,38000,15000,NULL,NULL,NULL
802,0,21,10000,6000,Hombre,0,0,Universidad,600,6000,2000,1,CHROME_MOBILE,1
803,0,32,8500,8500,Mujer,0,2,Preparatoria,603,18000,10000,0,CHROME_MOBILE,1
804,0,27,100000,50000,Hombre,0,1,Universidad,473,40000,14000,0,CHROME_MOBILE,6
805,0,31,10000,10000,Hombre,0,0,Maestr√≠a,545,34000,8000,NULL,NULL,4
806,0,33,15000,6000,Hombre,0,2,Universidad,606,10000,4000,0,CHROME_MOBILE,NULL
807,0,40,3500,3500,Hombre,1,2,Universidad,499,10000,8000,8,MOBILE_SAFARI,NULL
808,0,39,3600,3400,Mujer,1,3,Preparatoria,494,12000,7000,1,CHROME_MOBILE,1
809,0,23,2600,2600,Hombre,0,0,Preparatoria,548,5200,3500,0,CHROME_MOBILE,2
810,0,33,10000,10000,Hombre,0,0,Universidad,580,40000,15000,1,CHROME_MOBILE,2
811,0,38,10050,10050,Hombre,0,1,Preparatoria,417,35000,20500,0,CHROME_MOBILE,3
812,0,58,3500,3500,Hombre,0,1,Preparatoria,474,20000,10000,1,CHROME9,1
813,0,43,3000,3000,Hombre,0,4,Preparatoria,616,30000,10000,6,CHROME_MOBILE,NULL
814,1,24,10000,4000,Hombre,0,2,Preparatoria,406,15000,5500,8,CHROME_MOBILE,NULL
815,0,43,20900,20900,Hombre,0,1,Secundaria,615,11000,5000,8,CHROME_MOBILE,1
816,0,24,7940,6500,Hombre,1,0,Universidad,0,12000,4500,0,MOBILE_SAFARI,NULL
817,0,26,13699,13700,Hombre,0,0,Universidad,524,100000,60000,0,CHROME_MOBILE,4
818,0,30,16700,16000,Hombre,0,0,Preparatoria,608,25000,9000,0,CHROME_MOBILE,1
819,0,26,3029,3029,Hombre,1,0,Universidad,494,26000,7000,0,UNKNOWN,NULL
820,0,32,10790,10790,Hombre,1,2,Universidad,637,20000,15000,NULL,NULL,1
821,0,52,4369,4369,Mujer,0,2,Secundaria,566,12000,9000,1,CHROME_MOBILE,NULL
822,0,53,35000,28500,Mujer,0,0,Universidad,578,28000,10000,0,CHROME_MOBILE,3
823,0,30,10000,10000,Hombre,0,1,Universidad,649,15000,5000,0,CHROME9,3
824,0,56,2000,2000,Mujer,0,0,Secundaria,616,12000,2000,1,CHROME9,NULL
825,0,33,7000,7000,Hombre,0,0,Universidad,413,30000,23000,0,CHROME9,1
826,0,23,2050,2050,Hombre,0,0,Maestr√≠a,585,10000,6000,10,CHROME_MOBILE,NULL
827,0,26,2000,2000,Hombre,1,1,Preparatoria,656,4000,2800,1,MOBILE_SAFARI,NULL
828,0,37,21058,17999,Mujer,0,1,Universidad,632,60000,36000,0,CHROME8,NULL
829,1,40,15200,13000,Mujer,0,0,Universidad,428,70000,35000,0,CHROME_MOBILE,NULL
830,1,24,5000,5000,Hombre,0,2,Preparatoria,464,14000,7000,1,CHROME9,1
831,0,45,7940,6000,Hombre,0,2,Universidad,494,45000,35000,0,CHROME_MOBILE,1
832,0,26,1700,1700,Hombre,1,0,Preparatoria,587,7200,3500,1,CHROME_MOBILE,NULL
833,1,36,15000,3000,Mujer,0,2,Preparatoria,486,7000,3600,0,CHROME9,NULL
834,0,52,26000,25000,Hombre,1,1,Universidad,509,28000,20000,1,CHROME_MOBILE,NULL
835,0,36,5000,3000,Mujer,0,2,Preparatoria,641,7000,2500,1,CHROME9,NULL
836,0,31,19990,19990,Mujer,1,1,Universidad,460,22000,15000,0,MOBILE_SAFARI,NULL
837,0,39,40000,30000,Hombre,0,3,Universidad,618,100000,75000,1,MOBILE_SAFARI,3
838,0,34,15000,15000,Hombre,1,3,Universidad,592,39500,22000,0,CHROME_MOBILE,1
839,0,58,45000,40000,Hombre,0,1,Maestr√≠a,461,46000,16000,NULL,NULL,2
840,0,49,19500,18500,Mujer,0,2,Universidad,639,20000,18000,0,CHROME_MOBILE,NULL
841,1,22,7000,7000,Hombre,0,0,Universidad,537,5000,2000,1,MOBILE_SAFARI,3
842,0,22,2349,2349,Hombre,0,0,Universidad,0,2000,1000,1,UNKNOWN,NULL
843,1,36,15000,15000,Hombre,0,2,Universidad,497,25000,15000,1,CHROME_MOBILE,4
844,0,29,18500,18500,Hombre,1,2,Universidad,583,11000,6000,0,CHROME9,3
845,0,42,41797.99,41798,Hombre,0,1,Maestr√≠a,397,150000,100000,0,APPLE_WEB_KIT,4
846,0,38,5000,3000,Mujer,0,2,Secundaria,690,6000,3000,8,CHROME9,NULL
847,0,50,50000,6000,Mujer,0,0,Universidad,489,38000,5000,0,CHROME_MOBILE,2
848,0,27,16200,16200,Mujer,0,0,Universidad,460,20000,10000,0,CHROME_MOBILE,1
849,0,34,15500,15500,Mujer,0,1,Maestr√≠a,517,36000,20000,1,SAFARI,NULL
850,1,27,10000,3000,Hombre,0,2,Preparatoria,677,12000,4000,1,CHROME9,NULL
851,0,45,5000,3000,Mujer,0,0,Preparatoria,575,32000,12000,1,MOBILE_SAFARI,NULL
852,0,26,30000,5800,Hombre,0,0,Universidad,564,20000,5000,1,CHROME_MOBILE,2
853,0,43,3000,3000,Hombre,0,2,Secundaria,545,12000,6000,1,CHROME9,NULL
854,0,33,17999,17999,Mujer,0,2,Preparatoria,624,50000,32000,0,CHROME_MOBILE,1
855,1,26,3999,3999,Hombre,0,1,Universidad,602,20000,15000,1,CHROME_MOBILE,NULL
856,0,45,17500,17500,Hombre,1,4,Universidad,491,38000,25000,NULL,NULL,2
857,0,38,25000,25000,Mujer,0,0,Maestr√≠a,614,42000,42000,0,CHROME_MOBILE,1
858,0,25,5000,5000,Hombre,0,0,Secundaria,0,5000,2000,1,CHROME_MOBILE,NULL
859,1,21,13000,13000,Hombre,0,0,Universidad,544,16000,5000,0,CHROME_MOBILE,3
860,1,33,18000,15000,Hombre,0,2,Universidad,633,42000,20000,0,CHROME_MOBILE,NULL
861,0,23,7000,7000,Hombre,0,0,Preparatoria,621,11000,4000,1,CHROME9,NULL
862,1,23,85000,22000,Hombre,0,0,Universidad,546,19600,4500,1,CHROME_MOBILE,3
863,0,37,15900,15900,Mujer,1,0,Universidad,549,60000,15000,NULL,NULL,NULL
864,1,47,100000,100000,Hombre,0,3,Universidad,642,150000,25000,0,CHROME_MOBILE,1
865,0,46,15000,3000,Mujer,0,3,Universidad,595,18000,9000,1,CHROME9,NULL
866,0,52,2764,2764,Hombre,0,1,Preparatoria,561,10000,4500,0,APPLE_WEB_KIT,NULL
867,0,24,22100,22100,Mujer,0,0,Universidad,664,10000,6000,0,CHROME8,NULL
868,0,26,16000,16000,Hombre,0,1,Universidad,446,25000,9000,NULL,NULL,2
869,1,27,10000,8000,Hombre,0,1,Preparatoria,553,10000,4000,1,CHROME9,1
870,0,31,15000,11200,Mujer,0,0,Universidad,596,15000,7000,1,CHROME_MOBILE,NULL
871,0,23,4678.7,2679,Hombre,1,0,Universidad,0,11400,6000,1,CHROME_MOBILE,NULL
872,0,26,2080,2000,Mujer,0,1,Preparatoria,517,6000,2500,1,MOBILE_SAFARI,NULL
873,1,33,17900,17900,Hombre,0,1,Preparatoria,606,20000,4500,0,CHROME_MOBILE,1
874,0,21,2630,2630,Hombre,0,2,Universidad,638,15000,5000,0,CHROME9,2
875,1,41,7490,7490,Hombre,0,1,Universidad,581,50000,30000,NULL,NULL,4
876,0,37,10000,6000,Hombre,0,1,Universidad,0,12000,8000,0,CHROME_MOBILE,NULL
877,0,26,20000,20000,Mujer,0,0,Universidad,565,25000,10000,0,APPLE_WEB_KIT,4
878,1,41,17999,8999,Mujer,0,1,Preparatoria,490,30000,13000,8,CHROME_MOBILE,2
879,0,24,10000,12000,Hombre,0,0,Universidad,671,8400,6000,1,CHROME_MOBILE,4
880,0,26,9000,9000,Hombre,0,0,Universidad,463,20000,9000,0,CHROME_MOBILE,1
881,1,33,15000,13000,Hombre,0,2,Universidad,539,23000,18000,NULL,NULL,4
882,1,29,1000,1000,Hombre,0,0,Preparatoria,659,10000,3000,1,CHROME9,NULL
883,0,42,3550,3550,Hombre,1,3,Universidad,418,7600,3000,NULL,NULL,3
884,0,35,10000,10000,Mujer,0,2,Universidad,619,17000,8500,0,CHROME_MOBILE,2
885,0,40,21058,21058,Mujer,0,0,Maestr√≠a,486,40000,30000,0,MOBILE_SAFARI,2
886,0,43,45000,45000,Hombre,0,3,Preparatoria,618,25000,15000,1,CHROME_MOBILE,2
887,0,41,10000,5000,Hombre,0,3,Preparatoria,460,8500,4000,1,CHROME9,1
888,0,37,14000,12000,Mujer,0,2,Preparatoria,585,10000,7000,1,CHROME_MOBILE,1
889,0,27,4824.68,4824.68,Mujer,1,0,Universidad,408,20000,17000,1,CHROME9,NULL
890,0,20,6270,2940,Hombre,0,0,Preparatoria,601,10000,8000,1,CHROME_MOBILE,1
891,0,58,17000,16000,Hombre,0,2,Secundaria,473,20000,10000,1,CHROME9,NULL
892,0,50,34000,24000,Mujer,1,2,Maestr√≠a,658,20000,13000,0,CHROME9,1
893,0,37,5999,3000,Hombre,0,0,Preparatoria,552,12000,9000,1,MOBILE_SAFARI,NULL
894,0,35,23000,23000,Hombre,0,0,Universidad,489,37000,15000,0,CHROME_MOBILE,4
895,0,26,11000,13000,Mujer,0,0,Universidad,610,8000,4500,1,UNKNOWN,1
896,0,39,8000,8000,Mujer,1,0,Universidad,603,10000,4000,1,CHROME_MOBILE,1
897,0,26,21000,20000,Hombre,0,0,Universidad,512,10000,4500,0,APPLE_WEB_KIT,NULL
898,1,32,10000,8000,Hombre,0,1,Secundaria,586,6500,3000,4,CHROME_MOBILE,NULL
899,0,40,5000,2500,Hombre,0,5,Universidad,735,20000,15000,1,CHROME_MOBILE,NULL
900,0,32,4000,3000,Hombre,0,0,Universidad,590,14000,5000,1,SAFARI,NULL
901,1,39,10000,2000,Mujer,0,1,Secundaria,710,1000,10000,8,CHROME9,NULL
902,0,51,8999,8000,Hombre,0,2,Secundaria,610,12000,6800,NULL,NULL,NULL
903,0,30,9980,9980,Hombre,1,0,Maestr√≠a,531,21000,15000,NULL,NULL,2
904,0,52,5580,5580,Hombre,0,2,Universidad,523,9000,2500,NULL,NULL,2
905,1,37,9000,6000,Mujer,0,2,Preparatoria,563,8000,5000,8,CHROME_MOBILE,1
906,1,37,2000,2000,Hombre,1,0,Secundaria,436,6000,3000,10,CHROME9,NULL
907,1,38,10000,6000,Hombre,0,1,Preparatoria,640,8000,4800,0,CHROME9,NULL
908,1,29,4500,4500,Hombre,0,1,Secundaria,501,13000,6000,1,CHROME_MOBILE,NULL
909,0,27,10000,8950,Hombre,0,1,Universidad,465,20000,15000,1,CHROME_MOBILE,NULL
910,0,47,1000,1000,Hombre,0,4,Secundaria,557,8000,6000,8,CHROME9,NULL
911,0,24,1000,1000,Hombre,0,3,Preparatoria,641,7000,3000,8,CHROME_MOBILE,NULL
912,1,33,6999,7000,Hombre,1,0,Preparatoria,511,13000,5000,NULL,NULL,NULL
913,0,32,13000,9000,Hombre,1,2,Preparatoria,650,3500,5000,NULL,NULL,1
914,0,38,15000,8000,Hombre,0,3,Secundaria,594,16000,6000,1,CHROME_MOBILE,NULL
915,0,31,19500,6000,Hombre,0,1,Preparatoria,626,45000,4500,1,CHROME_MOBILE,1
916,0,24,17890,17890,Mujer,0,0,Universidad,0,13000,4000,1,EDGE_MOBILE,NULL
917,0,27,2008,2008,Mujer,0,1,Universidad,570,10000,6000,0,CHROME9,NULL
918,0,41,2550,2550,Hombre,0,0,Secundaria,534,15000,10000,1,CHROME9,NULL
919,0,44,5000,3000,Mujer,0,1,Secundaria,568,9000,4000,1,CHROME9,NULL
920,0,27,7295,7295,Hombre,0,0,Maestr√≠a,431,15000,8000,0,CHROME_MOBILE,5
921,0,19,14000,12000,Hombre,0,0,Preparatoria,572,12000,5000,14,CHROME_MOBILE,NULL
922,1,27,10000,3000,Hombre,0,2,Preparatoria,522,13000,5000,1,CHROME9,NULL
923,0,26,12700,12700,Hombre,1,0,Universidad,560,20000,5000,0,CHROME_MOBILE,4
924,1,33,19000,17500,Hombre,1,3,Universidad,470,24000,14000,10,CHROME_MOBILE,NULL
925,0,36,26797,26797,Mujer,0,2,Universidad,645,40000,15000,6,CHROME_MOBILE,3
926,1,25,15290,15290,Hombre,0,0,Universidad,465,30000,14000,8,CHROME_MOBILE,5
927,0,30,25000,20000,Mujer,0,1,Preparatoria,466,20000,12,1,CHROME_MOBILE,2
928,0,33,25000,25000,Hombre,0,0,Universidad,541,13000,5000,1,CHROME_MOBILE,1
929,1,24,7000,7000,Hombre,0,0,Preparatoria,0,5000,3000,1,FIREFOX8,NULL
930,0,25,11700,7940,Hombre,0,0,Universidad,597,12000,8000,0,CHROME_MOBILE,1
931,0,23,6000,4599,Hombre,1,1,Preparatoria,576,6400,2000,1,UNKNOWN,NULL
932,0,31,40000,30000,Hombre,0,0,Universidad,626,10000,4000,1,MOBILE_SAFARI,1
933,0,36,10000,10000,Mujer,0,2,Maestr√≠a,438,17000,5000,1,APPLE_WEB_KIT,5
934,0,28,10000,10000,Hombre,0,0,Universidad,619,15000,8000,NULL,NULL,1
935,0,60,10000,7000,Hombre,0,0,Universidad,602,50000,20000,1,MOZILLA,NULL
936,0,51,12000,12000,Hombre,1,2,Universidad,518,20000,12000,0,MOBILE_SAFARI,1
937,0,46,10000,8000,Mujer,0,0,Universidad,662,10000,2500,1,CHROME_MOBILE,1
938,1,22,18000,12000,Hombre,0,0,Universidad,427,15000,6000,0,CHROME_MOBILE,NULL
939,1,38,14000,10000,Hombre,0,3,Preparatoria,515,10000,8800,1,CHROME_MOBILE,1
940,1,30,65000,42000,Hombre,0,2,Universidad,418,125000,80000,0,CHROME_MOBILE,1
941,0,47,5000,8000,Hombre,0,1,Preparatoria,508,30000,15000,1,CHROME8,NULL
942,0,37,9000,8000,Hombre,1,1,Universidad,439,25000,20000,0,UNKNOWN,1
943,0,28,150000,70000,Hombre,0,1,Universidad,473,70000,25000,4,MOBILE_SAFARI,6
944,0,45,25000,10000,Hombre,0,2,Universidad,584,30000,15000,1,APPLE_WEB_KIT,1
945,0,30,15390,15390,Mujer,0,0,Universidad,0,22000,15000,1,CHROME_MOBILE,NULL
946,0,20,6000,5474,Hombre,0,0,Universidad,606,10000,4000,0,CHROME_MOBILE,2
947,0,41,4000,4000,Mujer,1,2,Universidad,647,7000,5000,6,CHROME_MOBILE,1
948,0,41,4000,4000,Hombre,0,2,Secundaria,693,15000,4000,1,CHROME_MOBILE,NULL
949,0,25,20000,18000,Hombre,0,0,Universidad,680,20000,8000,1,CHROME9,1
950,0,49,2000,2000,Mujer,0,0,Preparatoria,440,8500,6000,0,CHROME_MOBILE,1
951,0,45,6000,4000,Mujer,0,0,Preparatoria,514,10000,4000,1,CHROME9,NULL
952,0,23,7490,6000,Hombre,0,0,Preparatoria,582,8000,2500,NULL,NULL,1
953,0,47,2500,2500,Mujer,0,1,Preparatoria,494,30000,6000,0,CHROME9,3
954,0,39,100000,30000,Hombre,0,1,Maestr√≠a,597,40000,10000,1,CHROME_MOBILE,4
955,0,31,4590,4590,Hombre,0,2,Secundaria,610,17000,12000,1,CHROME_MOBILE,2
956,0,43,15000,15000,Hombre,0,1,Preparatoria,497,46000,26000,0,CHROME9,NULL
957,1,43,3648,3648,Hombre,0,1,Secundaria,497,13000,9000,1,CHROME9,NULL
958,1,30,5000,5000,Hombre,0,0,Universidad,430,10000,7500,1,MOBILE_SAFARI,1
959,0,68,8000,3000,Hombre,0,0,Secundaria,736,8000,1500,1,CHROME9,2
960,0,30,15000,10000,Hombre,0,0,Universidad,471,34000,15000,NULL,NULL,NULL
961,0,30,8000,2000,Hombre,0,0,Universidad,593,25000,15000,0,CHROME_MOBILE,2
962,0,53,2000,2000,Hombre,0,2,Secundaria,568,7000,5000,8,APPLE_WEB_KIT,NULL
963,0,51,19500,2021.32,Hombre,0,0,Preparatoria,526,68000,4500,0,CHROME9,3
964,0,37,36900,30000,Hombre,0,0,Universidad,507,30000,10000,1,CHROME_MOBILE,1
965,0,45,15000,9400,Hombre,0,0,Preparatoria,528,25000,10000,1,CHROME9,3
966,1,26,3544,3544,Hombre,0,1,Universidad,0,14000,8000,1,CHROME_MOBILE,NULL
967,1,32,4832,4832,Mujer,0,1,Universidad,559,10000,4000,1,CHROME_MOBILE,NULL
968,0,23,10000,10000,Hombre,1,1,Universidad,658,6500,4000,1,CHROME_MOBILE,NULL
969,0,41,45800,35000,Hombre,0,0,Maestr√≠a,726,50000,20000,0,MOBILE_SAFARI,7
970,0,53,40000,15000,Hombre,0,2,Maestr√≠a,523,93000,16000,NULL,NULL,NULL
971,0,26,15990,15100,Mujer,0,0,Universidad,687,4000,1500,0,UNKNOWN,NULL
972,0,48,14860,14860,Hombre,0,3,Universidad,653,70000,40000,1,CHROME8,2
973,0,19,17000,11000,Hombre,0,0,Preparatoria,440,80000,15000,0,CHROME_MOBILE,2
974,0,29,13400,6000,Hombre,1,0,Universidad,553,9000,3000,NULL,NULL,NULL
975,1,35,50000,45000,Hombre,0,1,Universidad,471,20000,5000,NULL,NULL,2
976,0,48,3500,3500,Hombre,0,2,Universidad,572,20000,8000,1,CHROME_MOBILE,3
977,0,32,7490,7490,Hombre,0,0,Universidad,676,42000,20000,NULL,NULL,2
978,0,43,7490,7790,Hombre,0,2,Maestr√≠a,666,10500,6000,NULL,NULL,2
979,0,35,6430,6430,Hombre,1,1,Universidad,517,13000,3000,1,CHROME9,NULL
980,0,31,6000,6000,Hombre,0,1,Universidad,462,14000,4000,0,UNKNOWN,NULL
981,0,23,18699,10000,Hombre,1,0,Secundaria,668,12,2,1,MOBILE_SAFARI,NULL
982,0,30,60000,60000,Mujer,0,0,Universidad,591,30000,11500,0,UNKNOWN,5
983,0,39,10000,10000,Hombre,0,2,Universidad,502,25000,15000,0,CHROME_MOBILE,1
984,0,29,2000,2000,Mujer,0,2,Preparatoria,608,10000,3000,1,CHROME9,1
985,0,39,10000,7000,Hombre,1,2,Universidad,607,43000,25000,0,CHROME_MOBILE,NULL
986,0,52,15000,4000,Hombre,0,1,Preparatoria,691,20000,3000,8,MOBILE_SAFARI,NULL
987,0,34,10000,9000,Hombre,0,1,Universidad,434,42000,10000,1,APPLE_WEB_KIT,3
988,0,27,17000,10000,Hombre,0,0,Universidad,613,10000,6000,0,CHROME_MOBILE,NULL
989,0,37,13836,6000,Hombre,1,2,Preparatoria,583,12000,7000,1,CHROME_MOBILE,1
990,0,30,5000,5000,Mujer,0,0,Maestr√≠a,579,25000,20000,0,APPLE_WEB_KIT,NULL
991,1,25,7543,6000,Hombre,0,0,Preparatoria,431,7000,5500,1,UNKNOWN,4
992,0,31,52900,52900,Hombre,0,0,Universidad,485,21000,6000,0,MOBILE_SAFARI,1
993,0,28,4810,4810,Hombre,0,2,Maestr√≠a,591,16000,8000,1,CHROME_MOBILE,1
994,0,38,15000,15000,Hombre,0,1,Universidad,558,45000,35000,0,MOBILE_SAFARI,2
995,1,20,4000,3000,Mujer,0,0,Preparatoria,571,8000,3000,1,CHROME9,NULL
996,0,59,10000,3257.51,Mujer,0,0,Primaria,583,10000,2000,10,CHROME9,NULL
997,1,20,19290,9277,Hombre,1,1,Universidad,600,15000,6000,1,CHROME9,NULL
998,0,31,15200,15200,Hombre,0,0,Universidad,576,25000,8500,0,CHROME8,2
999,1,38,25000,10500,Hombre,1,1,Universidad,564,22000,8000,NULL,NULL,NULL
1000,0,30,20000,40000,Hombre,1,0,Universidad,575,25000,15000,1,UNKNOWN,2